Column1,Column2,Column3,Column4,Column5,Column6,Column7,Column8,Column9,Column10,Column11,Column12,Column13,Column14,Column15,Column16,Column17,Column18,,
Ground,power/10,10^(power/10),,,Sky,power/10,10^(power/10),Pon/Poff,Tsky*Pon/Poff - Tref,1-Pon/Poff,Tr,f,f/f0,1-f/f0,v=c*(1-f/f0),Tr,,,
1/9/2024,,,,,1/9/2024,,,,,,,,,,,,,,
 14:28:20,,,,, 14:33:25,,,,,,,,,,,,,,
1419500000,,,,,1419500000,,,,,,,,,,,,,,
1421500000,,,,,1421500000,,,,,,,,,,,,,,
3906.25,,,,,3906.25,,,,,,,,,,,,,,
218912,,,,,216544,,,,,,,,,,,,,,
-51.59,-5.159,0.00000693425806,,,-51.61,-5.161,0.000006902398038,1.00461579,-294.976921,-0.004615790278,63906.04929,1419500000,0.9993623294,0.0006376706088,191301.1826,63906.04929,,,-127395.1334
-52.43,-5.243,0.000005714786367,,,-52.44,-5.244,0.000005701642723,1.002305238,-294.9884738,-0.002305238078,127964.4288,1419503906,0.9993650795,0.0006349205143,190476.1543,127964.4288,,,-62511.72554
-52.27,-5.227,0.000005929253246,,,-52.26,-5.226,0.000005942921586,0.9977000638,-295.0114997,0.002299936177,-128269.4288,1419507813,0.9993678296,0.0006321704199,189651.126,-128269.4288,,,-317920.5547
-51.98,-5.198,0.000006338697113,,,-51.98,-5.198,0.000006338697113,1,-295,0,0,1419511719,0.9993705797,0.0006294203254,188826.0976,#DIV/0!,,,-188826.0976
-52.12,-5.212,0.000006137620052,,,-52.12,-5.212,0.000006137620052,1,-295,0,0,1419515625,0.9993733298,0.0006266702309,188001.0693,#DIV/0!,,,-188001.0693
-49.76,-4.976,0.00001056817509,,,-49.78,-4.978,0.00001051961874,1.00461579,-294.976921,-0.004615790278,63906.04929,1419519531,0.9993760799,0.0006239201365,187176.0409,63906.04929,,,-123269.9916
-52.27,-5.227,0.000005929253246,,,-52.27,-5.227,0.000005929253246,1,-295,0,0,1419523438,0.99937883,0.000621170042,186351.0126,#DIV/0!,,,-186351.0126
-52.01,-5.201,0.000006295061829,,,-52,-5.2,0.000006309573445,0.9977000638,-295.0114997,0.002299936177,-128269.4288,1419527344,0.9993815801,0.0006184199475,185525.9843,-128269.4288,,,-313795.413
-51.99,-5.199,0.000006324118514,,,-51.98,-5.198,0.000006338697113,0.9977000638,-295.0114997,0.002299936177,-128269.4288,1419531250,0.9993843301,0.0006156698531,184700.9559,-128269.4288,,,-312970.3847
-51.96,-5.196,0.000006367955209,,,-51.99,-5.199,0.000006324118514,1.006931669,-294.9653417,-0.006931668852,42553.29387,1419535156,0.9993870802,0.0006129197586,183875.9276,42553.29387,,,-141322.6337
-52.15,-5.215,0.000006095368972,,,-52.16,-5.216,0.000006081350013,1.002305238,-294.9884738,-0.002305238078,127964.4288,1419539063,0.9993898303,0.0006101696641,183050.8992,127964.4288,,,-55086.47047
-51.84,-5.184,0.000006546361741,,,-51.83,-5.183,0.000006561452663,0.9977000638,-295.0114997,0.002299936177,-128269.4288,1419542969,0.9993925804,0.0006074195696,182225.8709,-128269.4288,,,-310495.2997
-51.83,-5.183,0.000006561452663,,,-51.83,-5.183,0.000006561452663,1,-295,0,0,1419546875,0.9993953305,0.0006046694752,181400.8426,#DIV/0!,,,-181400.8426
-51.78,-5.178,0.000006637430704,,,-51.78,-5.178,0.000006637430704,1,-295,0,0,1419550781,0.9993980806,0.0006019193807,180575.8142,#DIV/0!,,,-180575.8142
-51.93,-5.193,0.000006412095766,,,-51.93,-5.193,0.000006412095766,1,-295,0,0,1419554688,0.9994008307,0.0005991692862,179750.7859,#DIV/0!,,,-179750.7859
-51.8,-5.18,0.00000660693448,,,-51.81,-5.181,0.000006591738952,1.002305238,-294.9884738,-0.002305238078,127964.4288,1419558594,0.9994035808,0.0005964191918,178925.7575,127964.4288,,,-50961.32877
-51.81,-5.181,0.000006591738952,,,-51.84,-5.184,0.000006546361741,1.006931669,-294.9653417,-0.006931668852,42553.29387,1419562500,0.9994063309,0.0005936690973,178100.7292,42553.29387,,,-135547.4353
-51.75,-5.175,0.000006683439176,,,-51.76,-5.176,0.000006668067692,1.002305238,-294.9884738,-0.002305238078,127964.4288,1419566406,0.999409081,0.0005909190028,177275.7009,127964.4288,,,-49311.27208
-51.82,-5.182,0.000006576578374,,,-51.82,-5.182,0.000006576578374,1,-295,0,0,1419570313,0.9994118311,0.0005881689084,176450.6725,#DIV/0!,,,-176450.6725
-51.57,-5.157,0.000006966265141,,,-51.59,-5.159,0.00000693425806,1.00461579,-294.976921,-0.004615790278,63906.04929,1419574219,0.9994145812,0.0005854188139,175625.6442,63906.04929,,,-111719.5949
-51.56,-5.156,0.000006982324041,,,-51.55,-5.155,0.00000699841996,0.9977000638,-295.0114997,0.002299936177,-128269.4288,1419578125,0.9994173313,0.0005826687194,174800.6158,-128269.4288,,,-303070.0446
-51.48,-5.148,0.000007112135137,,,-51.49,-5.149,0.00000709577768,1.002305238,-294.9884738,-0.002305238078,127964.4288,1419582031,0.9994200814,0.000579918625,173975.5875,127964.4288,,,-46011.15872
-51.59,-5.159,0.00000693425806,,,-51.6,-5.16,0.000006918309709,1.002305238,-294.9884738,-0.002305238078,127964.4288,1419585938,0.9994228315,0.0005771685305,173150.5591,127964.4288,,,-45186.13038
-51.41,-5.141,0.000007227698036,,,-51.41,-5.141,0.000007227698036,1,-295,0,0,1419589844,0.9994255816,0.000574418436,172325.5308,#DIV/0!,,,-172325.5308
-51.47,-5.147,0.000007128530301,,,-51.48,-5.148,0.000007112135137,1.002305238,-294.9884738,-0.002305238078,127964.4288,1419593750,0.9994283317,0.0005716683415,171500.5025,127964.4288,,,-43536.0737
-51.44,-5.144,0.000007177942913,,,-51.45,-5.145,0.000007161434102,1.002305238,-294.9884738,-0.002305238078,127964.4288,1419597656,0.9994310818,0.0005689182471,170675.4741,127964.4288,,,-42711.04536
-51.68,-5.168,0.000006792036326,,,-51.66,-5.166,0.000006823386941,0.9954054174,-295.0229729,0.004594582648,-64211.04929,1419601563,0.9994338318,0.0005661681526,169850.4458,-64211.04929,,,-234061.4951
-51.4,-5.14,0.000007244359601,,,-51.39,-5.139,0.000007261059574,0.9977000638,-295.0114997,0.002299936177,-128269.4288,1419605469,0.9994365819,0.0005634180581,169025.4174,-128269.4288,,,-297294.8462
-51.3,-5.13,0.000007413102413,,,-51.3,-5.13,0.000007413102413,1,-295,0,0,1419609375,0.999439332,0.0005606679637,168200.3891,#DIV/0!,,,-168200.3891
-51.29,-5.129,0.000007430191379,,,-51.32,-5.132,0.000007379042301,1.006931669,-294.9653417,-0.006931668852,42553.29387,1419613281,0.9994420821,0.0005579178692,167375.3608,42553.29387,,,-124822.0669
-51.76,-5.176,0.000006668067692,,,-51.75,-5.175,0.000006683439176,0.9977000638,-295.0114997,0.002299936177,-128269.4288,1419617188,0.9994448322,0.0005551677747,166550.3324,-128269.4288,,,-294819.7612
-51.63,-5.163,0.0000068706844,,,-51.62,-5.162,0.000006886522963,0.9977000638,-295.0114997,0.002299936177,-128269.4288,1419621094,0.9994475823,0.0005524176803,165725.3041,-128269.4288,,,-293994.7328
-51.29,-5.129,0.000007430191379,,,-51.31,-5.131,0.000007396052751,1.00461579,-294.976921,-0.004615790278,63906.04929,1419625000,0.9994503324,0.0005496675858,164900.2757,63906.04929,,,-100994.2264
-51.55,-5.155,0.00000699841996,,,-51.56,-5.156,0.000006982324041,1.002305238,-294.9884738,-0.002305238078,127964.4288,1419628906,0.9994530825,0.0005469174913,164075.2474,127964.4288,,,-36110.81863
-51.62,-5.162,0.000006886522963,,,-51.6,-5.16,0.000006918309709,0.9954054174,-295.0229729,0.004594582648,-64211.04929,1419632813,0.9994558326,0.0005441673969,163250.2191,-64211.04929,,,-227461.2683
-51.2,-5.12,0.00000758577575,,,-51.19,-5.119,0.000007603262769,0.9977000638,-295.0114997,0.002299936177,-128269.4288,1419636719,0.9994585827,0.0005414173024,162425.1907,-128269.4288,,,-290694.6195
-51.17,-5.117,0.000007638357836,,,-51.19,-5.119,0.000007603262769,1.00461579,-294.976921,-0.004615790278,63906.04929,1419640625,0.9994613328,0.0005386672079,161600.1624,63906.04929,,,-97694.11308
-51.09,-5.109,0.00000778036551,,,-51.09,-5.109,0.00000778036551,1,-295,0,0,1419644531,0.9994640829,0.0005359171134,160775.134,#DIV/0!,,,-160775.134
-51.37,-5.137,0.000007294575103,,,-51.38,-5.138,0.000007277798045,1.002305238,-294.9884738,-0.002305238078,127964.4288,1419648438,0.999466833,0.000533167019,159950.1057,127964.4288,,,-31985.67693
-51.09,-5.109,0.00000778036551,,,-51.09,-5.109,0.00000778036551,1,-295,0,0,1419652344,0.9994695831,0.0005304169245,159125.0774,#DIV/0!,,,-159125.0774
-51.05,-5.105,0.000007852356346,,,-51.06,-5.106,0.000007834296428,1.002305238,-294.9884738,-0.002305238078,127964.4288,1419656250,0.9994723332,0.00052766683,158300.049,127964.4288,,,-30335.62025
-50.99,-5.099,0.000007961593504,,,-51,-5.1,0.000007943282347,1.002305238,-294.9884738,-0.002305238078,127964.4288,1419660156,0.9994750833,0.0005249167356,157475.0207,127964.4288,,,-29510.5919
-51.24,-5.124,0.00000751622894,,,-51.23,-5.123,0.000007533555637,0.9977000638,-295.0114997,0.002299936177,-128269.4288,1419664063,0.9994778334,0.0005221666411,156649.9923,-128269.4288,,,-284919.4211
-50.88,-5.088,0.000008165823714,,,-50.89,-5.089,0.00000814704284,1.002305238,-294.9884738,-0.002305238078,127964.4288,1419667969,0.9994805835,0.0005194165466,155824.964,127964.4288,,,-27860.53522
-50.84,-5.084,0.00000824138115,,,-50.84,-5.084,0.00000824138115,1,-295,0,0,1419671875,0.9994833335,0.0005166664522,154999.9356,#DIV/0!,,,-154999.9356
-50.86,-5.086,0.000008203515443,,,-50.85,-5.085,0.000008222426499,0.9977000638,-295.0114997,0.002299936177,-128269.4288,1419675781,0.9994860836,0.0005139163577,154174.9073,-128269.4288,,,-282444.3361
-51.11,-5.111,0.000007744617978,,,-51.09,-5.109,0.00000778036551,0.9954054174,-295.0229729,0.004594582648,-64211.04929,1419679688,0.9994888337,0.0005111662632,153349.879,-64211.04929,,,-217560.9283
-51,-5.1,0.000007943282347,,,-50.97,-5.097,0.00000799834255,0.9931160484,-295.0344198,0.006883951579,-42858.29387,1419683594,0.9994915838,0.0005084161688,152524.8506,-42858.29387,,,-195383.1445
-51.15,-5.115,0.000007673614894,,,-51.15,-5.115,0.000007673614894,1,-295,0,0,1419687500,0.9994943339,0.0005056660743,151699.8223,#DIV/0!,,,-151699.8223
-51.1,-5.11,0.000007762471166,,,-51.08,-5.108,0.000007798301105,0.9954054174,-295.0229729,0.004594582648,-64211.04929,1419691406,0.999497084,0.0005029159798,150874.7939,-64211.04929,,,-215085.8432
-51.17,-5.117,0.000007638357836,,,-51.17,-5.117,0.000007638357836,1,-295,0,0,1419695313,0.9994998341,0.0005001658853,150049.7656,#DIV/0!,,,-150049.7656
-50.39,-5.039,0.000009141132415,,,-50.4,-5.04,0.000009120108394,1.002305238,-294.9884738,-0.002305238078,127964.4288,1419699219,0.9995025842,0.0004974157909,149224.7373,127964.4288,,,-21260.3085
-50.99,-5.099,0.000007961593504,,,-50.97,-5.097,0.00000799834255,0.9954054174,-295.0229729,0.004594582648,-64211.04929,1419703125,0.9995053343,0.0004946656964,148399.7089,-64211.04929,,,-212610.7582
-50.83,-5.083,0.000008260379496,,,-50.82,-5.082,0.000008279421637,0.9977000638,-295.0114997,0.002299936177,-128269.4288,1419707031,0.9995080844,0.0004919156019,147574.6806,-128269.4288,,,-275844.1093
-51.13,-5.113,0.000007709034691,,,-51.14,-5.114,0.000007691304403,1.002305238,-294.9884738,-0.002305238078,127964.4288,1419710938,0.9995108345,0.0004891655075,146749.6522,127964.4288,,,-18785.22347
-50.92,-5.092,0.000008090958992,,,-50.93,-5.093,0.000008072350302,1.002305238,-294.9884738,-0.002305238078,127964.4288,1419714844,0.9995135846,0.000486415413,145924.6239,127964.4288,,,-17960.19513
-50.91,-5.091,0.000008109610579,,,-50.9,-5.09,0.000008128305162,0.9977000638,-295.0114997,0.002299936177,-128269.4288,1419718750,0.9995163347,0.0004836653185,145099.5956,-128269.4288,,,-273369.0243
-50.92,-5.092,0.000008090958992,,,-50.92,-5.092,0.000008090958992,1,-295,0,0,1419722656,0.9995190848,0.0004809152241,144274.5672,#DIV/0!,,,-144274.5672
-51.16,-5.116,0.000007655966069,,,-51.18,-5.118,0.0000076207901,1.00461579,-294.976921,-0.004615790278,63906.04929,1419726563,0.9995218349,0.0004781651296,143449.5389,63906.04929,,,-79543.48959
-51.24,-5.124,0.00000751622894,,,-51.23,-5.123,0.000007533555637,0.9977000638,-295.0114997,0.002299936177,-128269.4288,1419730469,0.999524585,0.0004754150351,142624.5105,-128269.4288,,,-270893.9393
-51.27,-5.127,0.000007464487584,,,-51.29,-5.129,0.000007430191379,1.00461579,-294.976921,-0.004615790278,63906.04929,1419734375,0.9995273351,0.0004726649407,141799.4822,63906.04929,,,-77893.4329
-51.34,-5.134,0.000007345138682,,,-51.35,-5.135,0.000007328245331,1.002305238,-294.9884738,-0.002305238078,127964.4288,1419738281,0.9995300852,0.0004699148462,140974.4539,127964.4288,,,-13010.02509
-51.69,-5.169,0.000006776415076,,,-51.69,-5.169,0.000006776415076,1,-295,0,0,1419742188,0.9995328352,0.0004671647517,140149.4255,#DIV/0!,,,-140149.4255
-51.53,-5.153,0.000007030723199,,,-51.55,-5.155,0.00000699841996,1.00461579,-294.976921,-0.004615790278,63906.04929,1419746094,0.9995355853,0.0004644146572,139324.3972,63906.04929,,,-75418.34788
-51.11,-5.111,0.000007744617978,,,-51.12,-5.112,0.000007726805851,1.002305238,-294.9884738,-0.002305238078,127964.4288,1419750000,0.9995383354,0.0004616645628,138499.3688,127964.4288,,,-10534.94007
-51.51,-5.151,0.000007063175543,,,-51.52,-5.152,0.00000704693069,1.002305238,-294.9884738,-0.002305238078,127964.4288,1419753906,0.9995410855,0.0004589144683,137674.3405,127964.4288,,,-9709.911725
-51.49,-5.149,0.00000709577768,,,-51.5,-5.15,0.000007079457844,1.002305238,-294.9884738,-0.002305238078,127964.4288,1419757813,0.9995438356,0.0004561643738,136849.3122,127964.4288,,,-8884.883385
-51.22,-5.122,0.000007550922277,,,-51.24,-5.124,0.00000751622894,1.00461579,-294.976921,-0.004615790278,63906.04929,1419761719,0.9995465857,0.0004534142794,136024.2838,63906.04929,,,-72118.23452
-51.22,-5.122,0.000007550922277,,,-51.23,-5.123,0.000007533555637,1.002305238,-294.9884738,-0.002305238078,127964.4288,1419765625,0.9995493358,0.0004506641849,135199.2555,127964.4288,,,-7234.826703
-51.18,-5.118,0.0000076207901,,,-51.16,-5.116,0.000007655966069,0.9954054174,-295.0229729,0.004594582648,-64211.04929,1419769531,0.9995520859,0.0004479140904,134374.2271,-64211.04929,,,-198585.2764
-51.14,-5.114,0.000007691304403,,,-51.13,-5.113,0.000007709034691,0.9977000638,-295.0114997,0.002299936177,-128269.4288,1419773438,0.999554836,0.000445163996,133549.1988,-128269.4288,,,-261818.6276
-50.83,-5.083,0.000008260379496,,,-50.84,-5.084,0.00000824138115,1.002305238,-294.9884738,-0.002305238078,127964.4288,1419777344,0.9995575861,0.0004424139015,132724.1704,127964.4288,,,-4759.741681
-50.82,-5.082,0.000008279421637,,,-50.8,-5.08,0.000008317637711,0.9954054174,-295.0229729,0.004594582648,-64211.04929,1419781250,0.9995603362,0.000439663807,131899.1421,-64211.04929,,,-196110.1914
-50.83,-5.083,0.000008260379496,,,-50.85,-5.085,0.000008222426499,1.00461579,-294.976921,-0.004615790278,63906.04929,1419785156,0.9995630863,0.0004369137126,131074.1138,63906.04929,,,-67168.06447
-51.02,-5.102,0.00000790678628,,,-51.02,-5.102,0.00000790678628,1,-295,0,0,1419789063,0.9995658364,0.0004341636181,130249.0854,#DIV/0!,,,-130249.0854
-50.73,-5.073,0.000008452788452,,,-50.75,-5.075,0.000008413951416,1.00461579,-294.976921,-0.004615790278,63906.04929,1419792969,0.9995685865,0.0004314135236,129424.0571,63906.04929,,,-65518.00779
-50.89,-5.089,0.00000814704284,,,-50.89,-5.089,0.00000814704284,1,-295,0,0,1419796875,0.9995713366,0.0004286634291,128599.0287,#DIV/0!,,,-128599.0287
-50.86,-5.086,0.000008203515443,,,-50.84,-5.084,0.00000824138115,0.9954054174,-295.0229729,0.004594582648,-64211.04929,1419800781,0.9995740867,0.0004259133347,127774.0004,-64211.04929,,,-191985.0497
-51.04,-5.104,0.000007870457897,,,-51.02,-5.102,0.00000790678628,0.9954054174,-295.0229729,0.004594582648,-64211.04929,1419804688,0.9995768368,0.0004231632402,126948.9721,-64211.04929,,,-191160.0214
-50.3,-5.03,0.000009332543008,,,-50.32,-5.032,0.000009289663868,1.00461579,-294.976921,-0.004615790278,63906.04929,1419808594,0.9995795869,0.0004204131457,126123.9437,63906.04929,,,-62217.89443
-50.83,-5.083,0.000008260379496,,,-50.82,-5.082,0.000008279421637,0.9977000638,-295.0114997,0.002299936177,-128269.4288,1419812500,0.9995823369,0.0004176630513,125298.9154,-128269.4288,,,-253568.3441
-50.78,-5.078,0.000008356030182,,,-50.8,-5.08,0.000008317637711,1.00461579,-294.976921,-0.004615790278,63906.04929,1419816406,0.999585087,0.0004149129568,124473.887,63906.04929,,,-60567.83775
-50.87,-5.087,0.000008184647881,,,-50.87,-5.087,0.000008184647881,1,-295,0,0,1419820313,0.9995878371,0.0004121628623,123648.8587,#DIV/0!,,,-123648.8587
-50.68,-5.068,0.000008550667129,,,-50.68,-5.068,0.000008550667129,1,-295,0,0,1419824219,0.9995905872,0.0004094127679,122823.8304,#DIV/0!,,,-122823.8304
-50.65,-5.065,0.000008609937522,,,-50.64,-5.064,0.000008629785478,0.9977000638,-295.0114997,0.002299936177,-128269.4288,1419828125,0.9995933373,0.0004066626734,121998.802,-128269.4288,,,-250268.2308
-50.69,-5.069,0.00000853100114,,,-50.7,-5.07,0.000008511380382,1.002305238,-294.9884738,-0.002305238078,127964.4288,1419832031,0.9995960874,0.0004039125789,121173.7737,127964.4288,,,6790.65509
-51.03,-5.103,0.000007888601176,,,-51.03,-5.103,0.000007888601176,1,-295,0,0,1419835938,0.9995988375,0.0004011624845,120348.7453,#DIV/0!,,,-120348.7453
-50.76,-5.076,0.000008394599865,,,-50.74,-5.074,0.000008433347578,0.9954054174,-295.0229729,0.004594582648,-64211.04929,1419839844,0.9996015876,0.00039841239,119523.717,-64211.04929,,,-183734.7663
-50.8,-5.08,0.000008317637711,,,-50.83,-5.083,0.000008260379496,1.006931669,-294.9653417,-0.006931668852,42553.29387,1419843750,0.9996043377,0.0003956622955,118698.6887,42553.29387,,,-76145.39478
-50.83,-5.083,0.000008260379496,,,-50.83,-5.083,0.000008260379496,1,-295,0,0,1419847656,0.9996070878,0.000392912201,117873.6603,#DIV/0!,,,-117873.6603
-51.08,-5.108,0.000007798301105,,,-51.09,-5.109,0.00000778036551,1.002305238,-294.9884738,-0.002305238078,127964.4288,1419851563,0.9996098379,0.0003901621066,117048.632,127964.4288,,,10915.79679
-50.82,-5.082,0.000008279421637,,,-50.85,-5.085,0.000008222426499,1.006931669,-294.9653417,-0.006931668852,42553.29387,1419855469,0.999612588,0.0003874120121,116223.6036,42553.29387,,,-73670.30976
-50.9,-5.09,0.000008128305162,,,-50.89,-5.089,0.00000814704284,0.9977000638,-295.0114997,0.002299936177,-128269.4288,1419859375,0.9996153381,0.0003846619176,115398.5753,-128269.4288,,,-243668.0041
-50.92,-5.092,0.000008090958992,,,-50.92,-5.092,0.000008090958992,1,-295,0,0,1419863281,0.9996180882,0.0003819118232,114573.5469,#DIV/0!,,,-114573.5469
-51.38,-5.138,0.000007277798045,,,-51.39,-5.139,0.000007261059574,1.002305238,-294.9884738,-0.002305238078,127964.4288,1419867188,0.9996208383,0.0003791617287,113748.5186,127964.4288,,,14215.91016
-51.26,-5.126,0.000007481695005,,,-51.25,-5.125,0.000007498942093,0.9977000638,-295.0114997,0.002299936177,-128269.4288,1419871094,0.9996235884,0.0003764116342,112923.4903,-128269.4288,,,-241192.919
-51.02,-5.102,0.00000790678628,,,-51.03,-5.103,0.000007888601176,1.002305238,-294.9884738,-0.002305238078,127964.4288,1419875000,0.9996263385,0.0003736615398,112098.4619,127964.4288,,,15865.96684
-51.3,-5.13,0.000007413102413,,,-51.28,-5.128,0.000007447319739,0.9954054174,-295.0229729,0.004594582648,-64211.04929,1419878906,0.9996290886,0.0003709114453,111273.4336,-64211.04929,,,-175484.4829
-51.37,-5.137,0.000007294575103,,,-51.38,-5.138,0.000007277798045,1.002305238,-294.9884738,-0.002305238078,127964.4288,1419882813,0.9996318386,0.0003681613508,110448.4052,127964.4288,,,17516.02352
-51,-5.1,0.000007943282347,,,-50.99,-5.099,0.000007961593504,0.9977000638,-295.0114997,0.002299936177,-128269.4288,1419886719,0.9996345887,0.0003654112564,109623.3769,-128269.4288,,,-237892.8057
-51.01,-5.101,0.000007925013305,,,-51.01,-5.101,0.000007925013305,1,-295,0,0,1419890625,0.9996373388,0.0003626611619,108798.3486,#DIV/0!,,,-108798.3486
-51.06,-5.106,0.000007834296428,,,-51.07,-5.107,0.000007816278046,1.002305238,-294.9884738,-0.002305238078,127964.4288,1419894531,0.9996400889,0.0003599110674,107973.3202,127964.4288,,,19991.10854
-51.35,-5.135,0.000007328245331,,,-51.36,-5.136,0.000007311390835,1.002305238,-294.9884738,-0.002305238078,127964.4288,1419898438,0.999642839,0.0003571609729,107148.2919,127964.4288,,,20816.13688
-51.13,-5.113,0.000007709034691,,,-51.12,-5.112,0.000007726805851,0.9977000638,-295.0114997,0.002299936177,-128269.4288,1419902344,0.9996455891,0.0003544108785,106323.2635,-128269.4288,,,-234592.6923
-51.14,-5.114,0.000007691304403,,,-51.15,-5.115,0.000007673614894,1.002305238,-294.9884738,-0.002305238078,127964.4288,1419906250,0.9996483392,0.000351660784,105498.2352,127964.4288,,,22466.19357
-51.06,-5.106,0.000007834296428,,,-51.09,-5.109,0.00000778036551,1.006931669,-294.9653417,-0.006931668852,42553.29387,1419910156,0.9996510893,0.0003489106895,104673.2069,42553.29387,,,-62119.91299
-51.26,-5.126,0.000007481695005,,,-51.28,-5.128,0.000007447319739,1.00461579,-294.976921,-0.004615790278,63906.04929,1419914063,0.9996538394,0.0003461605951,103848.1785,63906.04929,,,-39942.12923
-51.18,-5.118,0.0000076207901,,,-51.2,-5.12,0.00000758577575,1.00461579,-294.976921,-0.004615790278,63906.04929,1419917969,0.9996565895,0.0003434105006,103023.1502,63906.04929,,,-39117.10089
-51.2,-5.12,0.00000758577575,,,-51.22,-5.122,0.000007550922277,1.00461579,-294.976921,-0.004615790278,63906.04929,1419921875,0.9996593396,0.0003406604061,102198.1218,63906.04929,,,-38292.07255
-51.24,-5.124,0.00000751622894,,,-51.24,-5.124,0.00000751622894,1,-295,0,0,1419925781,0.9996620897,0.0003379103117,101373.0935,#DIV/0!,,,-101373.0935
-51.5,-5.15,0.000007079457844,,,-51.51,-5.151,0.000007063175543,1.002305238,-294.9884738,-0.002305238078,127964.4288,1419929688,0.9996648398,0.0003351602172,100548.0652,127964.4288,,,27416.36361
-51.42,-5.142,0.000007211074792,,,-51.43,-5.143,0.00000719448978,1.002305238,-294.9884738,-0.002305238078,127964.4288,1419933594,0.9996675899,0.0003324101227,99723.03682,127964.4288,,,28241.39195
-51.48,-5.148,0.000007112135137,,,-51.49,-5.149,0.00000709577768,1.002305238,-294.9884738,-0.002305238078,127964.4288,1419937500,0.99967034,0.0003296600282,98898.00847,127964.4288,,,29066.42029
-51.49,-5.149,0.00000709577768,,,-51.49,-5.149,0.00000709577768,1,-295,0,0,1419941406,0.9996730901,0.0003269099338,98072.98013,#DIV/0!,,,-98072.98013
-51.59,-5.159,0.00000693425806,,,-51.57,-5.157,0.000006966265141,0.9954054174,-295.0229729,0.004594582648,-64211.04929,1419945313,0.9996758402,0.0003241598393,97247.95179,-64211.04929,,,-161459.0011
-51.46,-5.146,0.000007144963261,,,-51.45,-5.145,0.000007161434102,0.9977000638,-295.0114997,0.002299936177,-128269.4288,1419949219,0.9996785903,0.0003214097448,96422.92345,-128269.4288,,,-224692.3522
-51.36,-5.136,0.000007311390835,,,-51.36,-5.136,0.000007311390835,1,-295,0,0,1419953125,0.9996813403,0.0003186596504,95597.89511,#DIV/0!,,,-95597.89511
-51.44,-5.144,0.000007177942913,,,-51.46,-5.146,0.000007144963261,1.00461579,-294.976921,-0.004615790278,63906.04929,1419957031,0.9996840904,0.0003159095559,94772.86677,63906.04929,,,-30866.81748
-51.84,-5.184,0.000006546361741,,,-51.84,-5.184,0.000006546361741,1,-295,0,0,1419960938,0.9996868405,0.0003131594614,93947.83843,#DIV/0!,,,-93947.83843
-51.66,-5.166,0.000006823386941,,,-51.63,-5.163,0.0000068706844,0.9931160484,-295.0344198,0.006883951579,-42858.29387,1419964844,0.9996895906,0.000310409367,93122.81009,-42858.29387,,,-135981.104
-51.67,-5.167,0.000006807693587,,,-51.68,-5.168,0.000006792036326,1.002305238,-294.9884738,-0.002305238078,127964.4288,1419968750,0.9996923407,0.0003076592725,92297.78175,127964.4288,,,35666.64702
-51.7,-5.17,0.000006760829754,,,-51.71,-5.171,0.000006745280277,1.002305238,-294.9884738,-0.002305238078,127964.4288,1419972656,0.9996950908,0.000304909178,91472.75341,127964.4288,,,36491.67536
-52,-5.2,0.000006309573445,,,-52,-5.2,0.000006309573445,1,-295,0,0,1419976563,0.9996978409,0.0003021590836,90647.72507,#DIV/0!,,,-90647.72507
-51.83,-5.183,0.000006561452663,,,-51.81,-5.181,0.000006591738952,0.9954054174,-295.0229729,0.004594582648,-64211.04929,1419980469,0.999700591,0.0002994089891,89822.69673,-64211.04929,,,-154033.746
-51.93,-5.193,0.000006412095766,,,-51.9,-5.19,0.00000645654229,0.9931160484,-295.0344198,0.006883951579,-42858.29387,1419984375,0.9997033411,0.0002966588946,88997.66839,-42858.29387,,,-131855.9623
-51.97,-5.197,0.000006353309319,,,-51.99,-5.199,0.000006324118514,1.00461579,-294.976921,-0.004615790278,63906.04929,1419988281,0.9997060912,0.0002939088001,88172.64004,63906.04929,,,-24266.59075
-52.35,-5.235,0.000005821032178,,,-52.34,-5.234,0.000005834451043,0.9977000638,-295.0114997,0.002299936177,-128269.4288,1419992188,0.9997088413,0.0002911587057,87347.6117,-128269.4288,,,-215617.0405
-52.2,-5.22,0.000006025595861,,,-52.2,-5.22,0.000006025595861,1,-295,0,0,1419996094,0.9997115914,0.0002884086112,86522.58336,#DIV/0!,,,-86522.58336
-51.3,-5.13,0.000007413102413,,,-51.3,-5.13,0.000007413102413,1,-295,0,0,1420000000,0.9997143415,0.0002856585167,85697.55502,#DIV/0!,,,-85697.55502
-52.11,-5.211,0.000006151768727,,,-52.13,-5.213,0.000006123503917,1.00461579,-294.976921,-0.004615790278,63906.04929,1420003906,0.9997170916,0.0002829084223,84872.52668,63906.04929,,,-20966.47739
-51.75,-5.175,0.000006683439176,,,-51.73,-5.173,0.000006714288529,0.9954054174,-295.0229729,0.004594582648,-64211.04929,1420007813,0.9997198417,0.0002801583278,84047.49834,-64211.04929,,,-148258.5476
-51.45,-5.145,0.000007161434102,,,-51.47,-5.147,0.000007128530301,1.00461579,-294.976921,-0.004615790278,63906.04929,1420011719,0.9997225918,0.0002774082333,83222.47,63906.04929,,,-19316.42071
-51.86,-5.186,0.000006516283941,,,-51.86,-5.186,0.000006516283941,1,-295,0,0,1420015625,0.9997253419,0.0002746581389,82397.44166,#DIV/0!,,,-82397.44166
-51.86,-5.186,0.000006516283941,,,-51.85,-5.185,0.000006531305526,0.9977000638,-295.0114997,0.002299936177,-128269.4288,1420019531,0.999728092,0.0002719080444,81572.41332,-128269.4288,,,-209841.8421
-52.1,-5.21,0.000006165950019,,,-52.11,-5.211,0.000006151768727,1.002305238,-294.9884738,-0.002305238078,127964.4288,1420023438,0.9997308421,0.0002691579499,80747.38498,127964.4288,,,47217.04379
-51.81,-5.181,0.000006591738952,,,-51.8,-5.18,0.00000660693448,0.9977000638,-295.0114997,0.002299936177,-128269.4288,1420027344,0.9997335921,0.0002664078555,79922.35664,-128269.4288,,,-208191.7854
-51.8,-5.18,0.00000660693448,,,-51.81,-5.181,0.000006591738952,1.002305238,-294.9884738,-0.002305238078,127964.4288,1420031250,0.9997363422,0.000263657761,79097.3283,127964.4288,,,48867.10047
-51.79,-5.179,0.000006622165037,,,-51.82,-5.182,0.000006576578374,1.006931669,-294.9653417,-0.006931668852,42553.29387,1420035156,0.9997390923,0.0002609076665,78272.29995,42553.29387,,,-35719.00609
-51.99,-5.199,0.000006324118514,,,-52,-5.2,0.000006309573445,1.002305238,-294.9884738,-0.002305238078,127964.4288,1420039063,0.9997418424,0.000258157572,77447.27161,127964.4288,,,50517.15715
-51.68,-5.168,0.000006792036326,,,-51.67,-5.167,0.000006807693587,0.9977000638,-295.0114997,0.002299936177,-128269.4288,1420042969,0.9997445925,0.0002554074776,76622.24327,-128269.4288,,,-204891.672
-51.7,-5.17,0.000006760829754,,,-51.71,-5.171,0.000006745280277,1.002305238,-294.9884738,-0.002305238078,127964.4288,1420046875,0.9997473426,0.0002526573831,75797.21493,127964.4288,,,52167.21383
-51.68,-5.168,0.000006792036326,,,-51.7,-5.17,0.000006760829754,1.00461579,-294.976921,-0.004615790278,63906.04929,1420050781,0.9997500927,0.0002499072886,74972.18659,63906.04929,,,-11066.1373
-51.83,-5.183,0.000006561452663,,,-51.84,-5.184,0.000006546361741,1.002305238,-294.9884738,-0.002305238078,127964.4288,1420054688,0.9997528428,0.0002471571942,74147.15825,127964.4288,,,53817.27052
-51.72,-5.172,0.000006729766563,,,-51.73,-5.173,0.000006714288529,1.002305238,-294.9884738,-0.002305238078,127964.4288,1420058594,0.9997555929,0.0002444070997,73322.12991,127964.4288,,,54642.29886
-51.73,-5.173,0.000006714288529,,,-51.74,-5.174,0.000006698846094,1.002305238,-294.9884738,-0.002305238078,127964.4288,1420062500,0.999758343,0.0002416570052,72497.10157,127964.4288,,,55467.3272
-51.68,-5.168,0.000006792036326,,,-51.69,-5.169,0.000006776415076,1.002305238,-294.9884738,-0.002305238078,127964.4288,1420066406,0.9997610931,0.0002389069108,71672.07323,127964.4288,,,56292.35554
-51.75,-5.175,0.000006683439176,,,-51.74,-5.174,0.000006698846094,0.9977000638,-295.0114997,0.002299936177,-128269.4288,1420070313,0.9997638432,0.0002361568163,70847.04489,-128269.4288,,,-199116.4737
-51.53,-5.153,0.000007030723199,,,-51.52,-5.152,0.00000704693069,0.9977000638,-295.0114997,0.002299936177,-128269.4288,1420074219,0.9997665933,0.0002334067218,70022.01655,-128269.4288,,,-198291.4453
-51.51,-5.151,0.000007063175543,,,-51.52,-5.152,0.00000704693069,1.002305238,-294.9884738,-0.002305238078,127964.4288,1420078125,0.9997693434,0.0002306566274,69196.98821,127964.4288,,,58767.44056
-51.45,-5.145,0.000007161434102,,,-51.46,-5.146,0.000007144963261,1.002305238,-294.9884738,-0.002305238078,127964.4288,1420082031,0.9997720935,0.0002279065329,68371.95987,127964.4288,,,59592.4689
-51.58,-5.158,0.000006950243176,,,-51.6,-5.16,0.000006918309709,1.00461579,-294.976921,-0.004615790278,63906.04929,1420085938,0.9997748436,0.0002251564384,67546.93152,63906.04929,,,-3640.882234
-51.39,-5.139,0.000007261059574,,,-51.37,-5.137,0.000007294575103,0.9954054174,-295.0229729,0.004594582648,-64211.04929,1420089844,0.9997775937,0.0002224063439,66721.90318,-64211.04929,,,-130932.9525
-51.46,-5.146,0.000007144963261,,,-51.45,-5.145,0.000007161434102,0.9977000638,-295.0114997,0.002299936177,-128269.4288,1420093750,0.9997803438,0.0002196562495,65896.87484,-128269.4288,,,-194166.3036
-51.21,-5.121,0.00000756832895,,,-51.22,-5.122,0.000007550922277,1.002305238,-294.9884738,-0.002305238078,127964.4288,1420097656,0.9997830938,0.000216906155,65071.8465,127964.4288,,,62892.58226
-51.16,-5.116,0.000007655966069,,,-51.14,-5.114,0.000007691304403,0.9954054174,-295.0229729,0.004594582648,-64211.04929,1420101563,0.9997858439,0.0002141560605,64246.81816,-64211.04929,,,-128457.8675
-51.42,-5.142,0.000007211074792,,,-51.41,-5.141,0.000007227698036,0.9977000638,-295.0114997,0.002299936177,-128269.4288,1420105469,0.999788594,0.0002114059661,63421.78982,-128269.4288,,,-191691.2186
-51.39,-5.139,0.000007261059574,,,-51.38,-5.138,0.000007277798045,0.9977000638,-295.0114997,0.002299936177,-128269.4288,1420109375,0.9997913441,0.0002086558716,62596.76148,-128269.4288,,,-190866.1902
-51.36,-5.136,0.000007311390835,,,-51.37,-5.137,0.000007294575103,1.002305238,-294.9884738,-0.002305238078,127964.4288,1420113281,0.9997940942,0.0002059057771,61771.73314,127964.4288,,,66192.69563
-51.82,-5.182,0.000006576578374,,,-51.83,-5.183,0.000006561452663,1.002305238,-294.9884738,-0.002305238078,127964.4288,1420117188,0.9997968443,0.0002031556827,60946.7048,127964.4288,,,67017.72397
-51.73,-5.173,0.000006714288529,,,-51.72,-5.172,0.000006729766563,0.9977000638,-295.0114997,0.002299936177,-128269.4288,1420121094,0.9997995944,0.0002004055882,60121.67646,-128269.4288,,,-188391.1052
-51.51,-5.151,0.000007063175543,,,-51.5,-5.15,0.000007079457844,0.9977000638,-295.0114997,0.002299936177,-128269.4288,1420125000,0.9998023445,0.0001976554937,59296.64812,-128269.4288,,,-187566.0769
-51.69,-5.169,0.000006776415076,,,-51.67,-5.167,0.000006807693587,0.9954054174,-295.0229729,0.004594582648,-64211.04929,1420128906,0.9998050946,0.0001949053993,58471.61978,-64211.04929,,,-122682.6691
-51.74,-5.174,0.000006698846094,,,-51.74,-5.174,0.000006698846094,1,-295,0,0,1420132813,0.9998078447,0.0001921553048,57646.59144,#DIV/0!,,,-57646.59144
-51.35,-5.135,0.000007328245331,,,-51.37,-5.137,0.000007294575103,1.00461579,-294.976921,-0.004615790278,63906.04929,1420136719,0.9998105948,0.0001894052103,56821.56309,63906.04929,,,7084.486197
-51.35,-5.135,0.000007328245331,,,-51.37,-5.137,0.000007294575103,1.00461579,-294.976921,-0.004615790278,63906.04929,1420140625,0.9998133449,0.0001866551158,55996.53475,63906.04929,,,7909.514538
-51.27,-5.127,0.000007464487584,,,-51.27,-5.127,0.000007464487584,1,-295,0,0,1420144531,0.999816095,0.0001839050214,55171.50641,#DIV/0!,,,-55171.50641
-51.55,-5.155,0.00000699841996,,,-51.56,-5.156,0.000006982324041,1.002305238,-294.9884738,-0.002305238078,127964.4288,1420148438,0.9998188451,0.0001811549269,54346.47807,127964.4288,,,73617.95069
-51.3,-5.13,0.000007413102413,,,-51.27,-5.127,0.000007464487584,0.9931160484,-295.0344198,0.006883951579,-42858.29387,1420152344,0.9998215952,0.0001784048324,53521.44973,-42858.29387,,,-96379.7436
-51.31,-5.131,0.000007396052751,,,-51.32,-5.132,0.000007379042301,1.002305238,-294.9884738,-0.002305238078,127964.4288,1420156250,0.9998243453,0.000175654738,52696.42139,127964.4288,,,75268.00738
-51.21,-5.121,0.00000756832895,,,-51.22,-5.122,0.000007550922277,1.002305238,-294.9884738,-0.002305238078,127964.4288,1420160156,0.9998270954,0.0001729046435,51871.39305,127964.4288,,,76093.03572
-51.47,-5.147,0.000007128530301,,,-51.46,-5.146,0.000007144963261,0.9977000638,-295.0114997,0.002299936177,-128269.4288,1420164063,0.9998298455,0.000170154549,51046.36471,-128269.4288,,,-179315.7935
-51.13,-5.113,0.000007709034691,,,-51.13,-5.113,0.000007709034691,1,-295,0,0,1420167969,0.9998325955,0.0001674044546,50221.33637,#DIV/0!,,,-50221.33637
-51.13,-5.113,0.000007709034691,,,-51.11,-5.111,0.000007744617978,0.9954054174,-295.0229729,0.004594582648,-64211.04929,1420171875,0.9998353456,0.0001646543601,49396.30803,-64211.04929,,,-113607.3573
-51.11,-5.111,0.000007744617978,,,-51.11,-5.111,0.000007744617978,1,-295,0,0,1420175781,0.9998380957,0.0001619042656,48571.27969,#DIV/0!,,,-48571.27969
-51.35,-5.135,0.000007328245331,,,-51.34,-5.134,0.000007345138682,0.9977000638,-295.0114997,0.002299936177,-128269.4288,1420179688,0.9998408458,0.0001591541712,47746.25135,-128269.4288,,,-176015.6801
-51.27,-5.127,0.000007464487584,,,-51.26,-5.126,0.000007481695005,0.9977000638,-295.0114997,0.002299936177,-128269.4288,1420183594,0.9998435959,0.0001564040767,46921.223,-128269.4288,,,-175190.6518
-51.48,-5.148,0.000007112135137,,,-51.47,-5.147,0.000007128530301,0.9977000638,-295.0114997,0.002299936177,-128269.4288,1420187500,0.999846346,0.0001536539822,46096.19466,-128269.4288,,,-174365.6234
-51.39,-5.139,0.000007261059574,,,-51.38,-5.138,0.000007277798045,0.9977000638,-295.0114997,0.002299936177,-128269.4288,1420191406,0.9998490961,0.0001509038877,45271.16632,-128269.4288,,,-173540.5951
-51.48,-5.148,0.000007112135137,,,-51.46,-5.146,0.000007144963261,0.9954054174,-295.0229729,0.004594582648,-64211.04929,1420195313,0.9998518462,0.0001481537933,44446.13798,-64211.04929,,,-108657.1873
-51.31,-5.131,0.000007396052751,,,-51.32,-5.132,0.000007379042301,1.002305238,-294.9884738,-0.002305238078,127964.4288,1420199219,0.9998545963,0.0001454036988,43621.10964,127964.4288,,,84343.31913
-51.36,-5.136,0.000007311390835,,,-51.36,-5.136,0.000007311390835,1,-295,0,0,1420203125,0.9998573464,0.0001426536043,42796.0813,#DIV/0!,,,-42796.0813
-51.14,-5.114,0.000007691304403,,,-51.16,-5.116,0.000007655966069,1.00461579,-294.976921,-0.004615790278,63906.04929,1420207031,0.9998600965,0.0001399035099,41971.05296,63906.04929,,,21934.99633
-51.42,-5.142,0.000007211074792,,,-51.42,-5.142,0.000007211074792,1,-295,0,0,1420210938,0.9998628466,0.0001371534154,41146.02462,#DIV/0!,,,-41146.02462
-51.25,-5.125,0.000007498942093,,,-51.25,-5.125,0.000007498942093,1,-295,0,0,1420214844,0.9998655967,0.0001344033209,40320.99628,#DIV/0!,,,-40320.99628
-51.26,-5.126,0.000007481695005,,,-51.27,-5.127,0.000007464487584,1.002305238,-294.9884738,-0.002305238078,127964.4288,1420218750,0.9998683468,0.0001316532265,39495.96794,127964.4288,,,88468.46083
-51.25,-5.125,0.000007498942093,,,-51.25,-5.125,0.000007498942093,1,-295,0,0,1420222656,0.9998710969,0.000128903132,38670.9396,#DIV/0!,,,-38670.9396
-51.53,-5.153,0.000007030723199,,,-51.5,-5.15,0.000007079457844,0.9931160484,-295.0344198,0.006883951579,-42858.29387,1420226563,0.999873847,0.0001261530375,37845.91126,-42858.29387,,,-80704.20513
-51.57,-5.157,0.000006966265141,,,-51.56,-5.156,0.000006982324041,0.9977000638,-295.0114997,0.002299936177,-128269.4288,1420230469,0.9998765971,0.0001234029431,37020.88292,-128269.4288,,,-165290.3117
-51.64,-5.164,0.000006854882265,,,-51.62,-5.162,0.000006886522963,0.9954054174,-295.0229729,0.004594582648,-64211.04929,1420234375,0.9998793472,0.0001206528486,36195.85457,-64211.04929,,,-100406.9039
-51.68,-5.168,0.000006792036326,,,-51.66,-5.166,0.000006823386941,0.9954054174,-295.0229729,0.004594582648,-64211.04929,1420238281,0.9998820972,0.0001179027541,35370.82623,-64211.04929,,,-99581.87552
-52,-5.2,0.000006309573445,,,-52.02,-5.202,0.000006280583588,1.00461579,-294.976921,-0.004615790278,63906.04929,1420242188,0.9998848473,0.0001151526596,34545.79789,63906.04929,,,29360.2514
-51.9,-5.19,0.00000645654229,,,-51.9,-5.19,0.00000645654229,1,-295,0,0,1420246094,0.9998875974,0.0001124025652,33720.76955,#DIV/0!,,,-33720.76955
-51.64,-5.164,0.000006854882265,,,-51.63,-5.163,0.0000068706844,0.9977000638,-295.0114997,0.002299936177,-128269.4288,1420250000,0.9998903475,0.0001096524707,32895.74121,-128269.4288,,,-161165.17
-51.86,-5.186,0.000006516283941,,,-51.86,-5.186,0.000006516283941,1,-295,0,0,1420253906,0.9998930976,0.0001069023762,32070.71287,#DIV/0!,,,-32070.71287
-51.85,-5.185,0.000006531305526,,,-51.85,-5.185,0.000006531305526,1,-295,0,0,1420257813,0.9998958477,0.0001041522818,31245.68453,#DIV/0!,,,-31245.68453
-51.61,-5.161,0.000006902398038,,,-51.61,-5.161,0.000006902398038,1,-295,0,0,1420261719,0.9998985978,0.0001014021873,30420.65619,#DIV/0!,,,-30420.65619
-51.58,-5.158,0.000006950243176,,,-51.59,-5.159,0.00000693425806,1.002305238,-294.9884738,-0.002305238078,127964.4288,1420265625,0.9999013479,0.00009865209283,29595.62785,127964.4288,,,98368.80092
-51.53,-5.153,0.000007030723199,,,-51.53,-5.153,0.000007030723199,1,-295,0,0,1420269531,0.999904098,0.00009590199836,28770.59951,#DIV/0!,,,-28770.59951
-51.5,-5.15,0.000007079457844,,,-51.49,-5.149,0.00000709577768,0.9977000638,-295.0114997,0.002299936177,-128269.4288,1420273438,0.9999068481,0.00009315190389,27945.57117,-128269.4288,,,-156214.9999
-51.2,-5.12,0.00000758577575,,,-51.2,-5.12,0.00000758577575,1,-295,0,0,1420277344,0.9999095982,0.00009040180942,27120.54283,#DIV/0!,,,-27120.54283
-51.17,-5.117,0.000007638357836,,,-51.17,-5.117,0.000007638357836,1,-295,0,0,1420281250,0.9999123483,0.00008765171495,26295.51448,#DIV/0!,,,-26295.51448
-51.18,-5.118,0.0000076207901,,,-51.19,-5.119,0.000007603262769,1.002305238,-294.9884738,-0.002305238078,127964.4288,1420285156,0.9999150984,0.00008490162048,25470.48614,127964.4288,,,102493.9426
-51.36,-5.136,0.000007311390835,,,-51.37,-5.137,0.000007294575103,1.002305238,-294.9884738,-0.002305238078,127964.4288,1420289063,0.9999178485,0.00008215152601,24645.4578,127964.4288,,,103318.971
-51.06,-5.106,0.000007834296428,,,-51.06,-5.106,0.000007834296428,1,-295,0,0,1420292969,0.9999205986,0.00007940143154,23820.42946,#DIV/0!,,,-23820.42946
-51.24,-5.124,0.00000751622894,,,-51.24,-5.124,0.00000751622894,1,-295,0,0,1420296875,0.9999233487,0.00007665133707,22995.40112,#DIV/0!,,,-22995.40112
-51.19,-5.119,0.000007603262769,,,-51.19,-5.119,0.000007603262769,1,-295,0,0,1420300781,0.9999260988,0.0000739012426,22170.37278,#DIV/0!,,,-22170.37278
-51.38,-5.138,0.000007277798045,,,-51.39,-5.139,0.000007261059574,1.002305238,-294.9884738,-0.002305238078,127964.4288,1420304688,0.9999288489,0.00007115114813,21345.34444,127964.4288,,,106619.0843
-51.26,-5.126,0.000007481695005,,,-51.24,-5.124,0.00000751622894,0.9954054174,-295.0229729,0.004594582648,-64211.04929,1420308594,0.9999315989,0.00006840105366,20520.3161,-64211.04929,,,-84731.36539
-51.41,-5.141,0.000007227698036,,,-51.4,-5.14,0.000007244359601,0.9977000638,-295.0114997,0.002299936177,-128269.4288,1420312500,0.999934349,0.0000656509592,19695.28776,-128269.4288,,,-147964.7165
-51.1,-5.11,0.000007762471166,,,-51.12,-5.112,0.000007726805851,1.00461579,-294.976921,-0.004615790278,63906.04929,1420316406,0.9999370991,0.00006290086473,18870.25942,63906.04929,,,45035.78987
-51.1,-5.11,0.000007762471166,,,-51.1,-5.11,0.000007762471166,1,-295,0,0,1420320313,0.9999398492,0.00006015077026,18045.23108,#DIV/0!,,,-18045.23108
-50.93,-5.093,0.000008072350302,,,-50.95,-5.095,0.000008035261222,1.00461579,-294.976921,-0.004615790278,63906.04929,1420324219,0.9999425993,0.00005740067579,17220.20274,63906.04929,,,46685.84655
-50.91,-5.091,0.000008109610579,,,-50.95,-5.095,0.000008035261222,1.009252886,-294.9537356,-0.009252886077,31876.94446,1420328125,0.9999453494,0.00005465058132,16395.1744,31876.94446,,,15481.77007
-50.93,-5.093,0.000008072350302,,,-50.93,-5.093,0.000008072350302,1,-295,0,0,1420332031,0.9999480995,0.00005190048685,15570.14605,#DIV/0!,,,-15570.14605
-51.25,-5.125,0.000007498942093,,,-51.25,-5.125,0.000007498942093,1,-295,0,0,1420335938,0.9999508496,0.00004915039238,14745.11771,#DIV/0!,,,-14745.11771
-50.95,-5.095,0.000008035261222,,,-50.96,-5.096,0.000008016780634,1.002305238,-294.9884738,-0.002305238078,127964.4288,1420339844,0.9999535997,0.00004640029791,13920.08937,127964.4288,,,114044.3394
-51.07,-5.107,0.000007816278046,,,-51.07,-5.107,0.000007816278046,1,-295,0,0,1420343750,0.9999563498,0.00004365020344,13095.06103,#DIV/0!,,,-13095.06103
-51.04,-5.104,0.000007870457897,,,-51.04,-5.104,0.000007870457897,1,-295,0,0,1420347656,0.9999590999,0.00004090010897,12270.03269,#DIV/0!,,,-12270.03269
-51.23,-5.123,0.000007533555637,,,-51.25,-5.125,0.000007498942093,1.00461579,-294.976921,-0.004615790278,63906.04929,1420351563,0.99996185,0.0000381500145,11445.00435,63906.04929,,,52461.04494
-50.99,-5.099,0.000007961593504,,,-50.99,-5.099,0.000007961593504,1,-295,0,0,1420355469,0.9999646001,0.00003539992003,10619.97601,#DIV/0!,,,-10619.97601
-51.06,-5.106,0.000007834296428,,,-51.1,-5.11,0.000007762471166,1.009252886,-294.9537356,-0.009252886077,31876.94446,1420359375,0.9999673502,0.00003264982556,9794.947669,31876.94446,,,22081.99679
-51.06,-5.106,0.000007834296428,,,-51.06,-5.106,0.000007834296428,1,-295,0,0,1420363281,0.9999701003,0.00002989973109,8969.919328,#DIV/0!,,,-8969.919328
-51.49,-5.149,0.00000709577768,,,-51.48,-5.148,0.000007112135137,0.9977000638,-295.0114997,0.002299936177,-128269.4288,1420367188,0.9999728504,0.00002714963663,8144.890988,-128269.4288,,,-136414.3198
-51.37,-5.137,0.000007294575103,,,-51.36,-5.136,0.000007311390835,0.9977000638,-295.0114997,0.002299936177,-128269.4288,1420371094,0.9999756005,0.00002439954216,7319.862647,-128269.4288,,,-135589.2914
-51.38,-5.138,0.000007277798045,,,-51.4,-5.14,0.000007244359601,1.00461579,-294.976921,-0.004615790278,63906.04929,1420375000,0.9999783506,0.00002164944769,6494.834306,63906.04929,,,57411.21499
-51.4,-5.14,0.000007244359601,,,-51.39,-5.139,0.000007261059574,0.9977000638,-295.0114997,0.002299936177,-128269.4288,1420378906,0.9999811006,0.00001889935322,5669.805965,-128269.4288,,,-133939.2347
-51.44,-5.144,0.000007177942913,,,-51.43,-5.143,0.00000719448978,0.9977000638,-295.0114997,0.002299936177,-128269.4288,1420382813,0.9999838507,0.00001614925875,4844.777624,-128269.4288,,,-133114.2064
-51.06,-5.106,0.000007834296428,,,-51.06,-5.106,0.000007834296428,1,-295,0,0,1420386719,0.9999866008,0.00001339916428,4019.749284,#DIV/0!,,,-4019.749284
-51.09,-5.109,0.00000778036551,,,-51.09,-5.109,0.00000778036551,1,-295,0,0,1420390625,0.9999893509,0.00001064906981,3194.720943,#DIV/0!,,,-3194.720943
-51.1,-5.11,0.000007762471166,,,-51.1,-5.11,0.000007762471166,1,-295,0,0,1420394531,0.999992101,0.00000789897534,2369.692602,#DIV/0!,,,-2369.692602
-51.39,-5.139,0.000007261059574,,,-51.37,-5.137,0.000007294575103,0.9954054174,-295.0229729,0.004594582648,-64211.04929,1420398438,0.9999948511,0.000005148880871,1544.664261,-64211.04929,,,-65755.71355
-51.11,-5.111,0.000007744617978,,,-51.1,-5.11,0.000007762471166,0.9977000638,-295.0114997,0.002299936177,-128269.4288,1420402344,0.9999976012,0.000002398786401,719.6359204,-128269.4288,,,-128989.0647
-51.2,-5.12,0.00000758577575,,,-51.2,-5.12,0.00000758577575,1,-295,0,0,1420406250,1.000000351,-0.000000351308068,-105.3924204,#DIV/0!,,,105.3924204
-51,-5.1,0.000007943282347,,,-51.01,-5.101,0.000007925013305,1.002305238,-294.9884738,-0.002305238078,127964.4288,1420410156,1.000003101,-0.000003101402537,-930.4207612,127964.4288,,,128894.8495
-51.17,-5.117,0.000007638357836,,,-51.2,-5.12,0.00000758577575,1.006931669,-294.9653417,-0.006931668852,42553.29387,1420414063,1.000005851,-0.000005851497006,-1755.449102,42553.29387,,,44308.74297
-51.06,-5.106,0.000007834296428,,,-51.06,-5.106,0.000007834296428,1,-295,0,0,1420417969,1.000008602,-0.000008601591476,-2580.477443,#DIV/0!,,,2580.477443
-51.19,-5.119,0.000007603262769,,,-51.17,-5.117,0.000007638357836,0.9954054174,-295.0229729,0.004594582648,-64211.04929,1420421875,1.000011352,-0.00001135168595,-3405.505784,-64211.04929,,,-60805.54351
-51.09,-5.109,0.00000778036551,,,-51.08,-5.108,0.000007798301105,0.9977000638,-295.0114997,0.002299936177,-128269.4288,1420425781,1.000014102,-0.00001410178041,-4230.534124,-128269.4288,,,-124038.8946
-51.31,-5.131,0.000007396052751,,,-51.32,-5.132,0.000007379042301,1.002305238,-294.9884738,-0.002305238078,127964.4288,1420429688,1.000016852,-0.00001685187488,-5055.562465,127964.4288,,,133019.9912
-51.2,-5.12,0.00000758577575,,,-51.19,-5.119,0.000007603262769,0.9977000638,-295.0114997,0.002299936177,-128269.4288,1420433594,1.000019602,-0.00001960196935,-5880.590806,-128269.4288,,,-122388.838
-51.61,-5.161,0.000006902398038,,,-51.62,-5.162,0.000006886522963,1.002305238,-294.9884738,-0.002305238078,127964.4288,1420437500,1.000022352,-0.00002235206382,-6705.619147,127964.4288,,,134670.0479
-51.24,-5.124,0.00000751622894,,,-51.21,-5.121,0.00000756832895,0.9931160484,-295.0344198,0.006883951579,-42858.29387,1420441406,1.000025102,-0.00002510215829,-7530.647488,-42858.29387,,,-35327.64638
-51.22,-5.122,0.000007550922277,,,-51.22,-5.122,0.000007550922277,1,-295,0,0,1420445313,1.000027852,-0.00002785225276,-8355.675828,#DIV/0!,,,8355.675828
-51.12,-5.112,0.000007726805851,,,-51.12,-5.112,0.000007726805851,1,-295,0,0,1420449219,1.000030602,-0.00003060234723,-9180.704169,#DIV/0!,,,9180.704169
-51.37,-5.137,0.000007294575103,,,-51.34,-5.134,0.000007345138682,0.9931160484,-295.0344198,0.006883951579,-42858.29387,1420453125,1.000033352,-0.0000333524417,-10005.73251,-42858.29387,,,-32852.56136
-51.06,-5.106,0.000007834296428,,,-51.07,-5.107,0.000007816278046,1.002305238,-294.9884738,-0.002305238078,127964.4288,1420457031,1.000036103,-0.00003610253617,-10830.76085,127964.4288,,,138795.1896
-51.32,-5.132,0.000007379042301,,,-51.3,-5.13,0.000007413102413,0.9954054174,-295.0229729,0.004594582648,-64211.04929,1420460938,1.000038853,-0.00003885263064,-11655.78919,-64211.04929,,,-52555.2601
-51.16,-5.116,0.000007655966069,,,-51.15,-5.115,0.000007673614894,0.9977000638,-295.0114997,0.002299936177,-128269.4288,1420464844,1.000041603,-0.00004160272511,-12480.81753,-128269.4288,,,-115788.6112
-51.53,-5.153,0.000007030723199,,,-51.54,-5.154,0.000007014552984,1.002305238,-294.9884738,-0.002305238078,127964.4288,1420468750,1.000044353,-0.00004435281958,-13305.84587,127964.4288,,,141270.2746
-51.12,-5.112,0.000007726805851,,,-51.13,-5.113,0.000007709034691,1.002305238,-294.9884738,-0.002305238078,127964.4288,1420472656,1.000047103,-0.00004710291405,-14130.87421,127964.4288,,,142095.303
-51.39,-5.139,0.000007261059574,,,-51.4,-5.14,0.000007244359601,1.002305238,-294.9884738,-0.002305238078,127964.4288,1420476563,1.000049853,-0.00004985300852,-14955.90255,127964.4288,,,142920.3313
-51.01,-5.101,0.000007925013305,,,-51.03,-5.103,0.000007888601176,1.00461579,-294.976921,-0.004615790278,63906.04929,1420480469,1.000052603,-0.00005260310298,-15780.9309,63906.04929,,,79686.98019
-51.67,-5.167,0.000006807693587,,,-51.66,-5.166,0.000006823386941,0.9977000638,-295.0114997,0.002299936177,-128269.4288,1420484375,1.000055353,-0.00005535319745,-16605.95924,-128269.4288,,,-111663.4695
-51.16,-5.116,0.000007655966069,,,-51.17,-5.117,0.000007638357836,1.002305238,-294.9884738,-0.002305238078,127964.4288,1420488281,1.000058103,-0.00005810329192,-17430.98758,127964.4288,,,145395.4163
-51.62,-5.162,0.000006886522963,,,-51.6,-5.16,0.000006918309709,0.9954054174,-295.0229729,0.004594582648,-64211.04929,1420492188,1.000060853,-0.00006085338639,-18256.01592,-64211.04929,,,-45955.03337
-51.27,-5.127,0.000007464487584,,,-51.25,-5.125,0.000007498942093,0.9954054174,-295.0229729,0.004594582648,-64211.04929,1420496094,1.000063603,-0.00006360348086,-19081.04426,-64211.04929,,,-45130.00503
-51.26,-5.126,0.000007481695005,,,-51.25,-5.125,0.000007498942093,0.9977000638,-295.0114997,0.002299936177,-128269.4288,1420500000,1.000066354,-0.00006635357533,-19906.0726,-128269.4288,,,-108363.3562
-51.26,-5.126,0.000007481695005,,,-51.25,-5.125,0.000007498942093,0.9977000638,-295.0114997,0.002299936177,-128269.4288,1420503906,1.000069104,-0.0000691036698,-20731.10094,-128269.4288,,,-107538.3278
-51.28,-5.128,0.000007447319739,,,-51.29,-5.129,0.000007430191379,1.002305238,-294.9884738,-0.002305238078,127964.4288,1420507813,1.000071854,-0.00007185376427,-21556.12928,127964.4288,,,149520.558
-50.87,-5.087,0.000008184647881,,,-50.89,-5.089,0.00000814704284,1.00461579,-294.976921,-0.004615790278,63906.04929,1420511719,1.000074604,-0.00007460385874,-22381.15762,63906.04929,,,86287.20691
-51.63,-5.163,0.0000068706844,,,-51.61,-5.161,0.000006902398038,0.9954054174,-295.0229729,0.004594582648,-64211.04929,1420515625,1.000077354,-0.00007735395321,-23206.18596,-64211.04929,,,-41004.86333
-51.02,-5.102,0.00000790678628,,,-51.01,-5.101,0.000007925013305,0.9977000638,-295.0114997,0.002299936177,-128269.4288,1420519531,1.000080104,-0.00008010404768,-24031.2143,-128269.4288,,,-104238.2145
-51.41,-5.141,0.000007227698036,,,-51.39,-5.139,0.000007261059574,0.9954054174,-295.0229729,0.004594582648,-64211.04929,1420523438,1.000082854,-0.00008285414215,-24856.24264,-64211.04929,,,-39354.80665
-51.11,-5.111,0.000007744617978,,,-51.12,-5.112,0.000007726805851,1.002305238,-294.9884738,-0.002305238078,127964.4288,1420527344,1.000085604,-0.00008560423662,-25681.27098,127964.4288,,,153645.6998
-51.56,-5.156,0.000006982324041,,,-51.55,-5.155,0.00000699841996,0.9977000638,-295.0114997,0.002299936177,-128269.4288,1420531250,1.000088354,-0.00008835433109,-26506.29933,-128269.4288,,,-101763.1294
-51.17,-5.117,0.000007638357836,,,-51.18,-5.118,0.0000076207901,1.002305238,-294.9884738,-0.002305238078,127964.4288,1420535156,1.000091104,-0.00009110442556,-27331.32767,127964.4288,,,155295.7564
-51.29,-5.129,0.000007430191379,,,-51.29,-5.129,0.000007430191379,1,-295,0,0,1420539063,1.000093855,-0.00009385452002,-28156.35601,#DIV/0!,,,28156.35601
-51.11,-5.111,0.000007744617978,,,-51.12,-5.112,0.000007726805851,1.002305238,-294.9884738,-0.002305238078,127964.4288,1420542969,1.000096605,-0.00009660461449,-28981.38435,127964.4288,,,156945.8131
-51.34,-5.134,0.000007345138682,,,-51.36,-5.136,0.000007311390835,1.00461579,-294.976921,-0.004615790278,63906.04929,1420546875,1.000099355,-0.00009935470896,-29806.41269,63906.04929,,,93712.46198
-51.13,-5.113,0.000007709034691,,,-51.13,-5.113,0.000007709034691,1,-295,0,0,1420550781,1.000102105,-0.0001021048034,-30631.44103,#DIV/0!,,,30631.44103
-51.25,-5.125,0.000007498942093,,,-51.25,-5.125,0.000007498942093,1,-295,0,0,1420554688,1.000104855,-0.0001048548979,-31456.46937,#DIV/0!,,,31456.46937
-51.22,-5.122,0.000007550922277,,,-51.22,-5.122,0.000007550922277,1,-295,0,0,1420558594,1.000107605,-0.0001076049924,-32281.49771,#DIV/0!,,,32281.49771
-51.62,-5.162,0.000006886522963,,,-51.63,-5.163,0.0000068706844,1.002305238,-294.9884738,-0.002305238078,127964.4288,1420562500,1.000110355,-0.0001103550868,-33106.52605,127964.4288,,,161070.9548
-51.22,-5.122,0.000007550922277,,,-51.21,-5.121,0.00000756832895,0.9977000638,-295.0114997,0.002299936177,-128269.4288,1420566406,1.000113105,-0.0001131051813,-33931.55439,-128269.4288,,,-94337.87437
-51.29,-5.129,0.000007430191379,,,-51.27,-5.127,0.000007464487584,0.9954054174,-295.0229729,0.004594582648,-64211.04929,1420570313,1.000115855,-0.0001158552758,-34756.58273,-64211.04929,,,-29454.46656
-51.09,-5.109,0.00000778036551,,,-51.08,-5.108,0.000007798301105,0.9977000638,-295.0114997,0.002299936177,-128269.4288,1420574219,1.000118605,-0.0001186053702,-35581.61107,-128269.4288,,,-92687.81769
-51.19,-5.119,0.000007603262769,,,-51.17,-5.117,0.000007638357836,0.9954054174,-295.0229729,0.004594582648,-64211.04929,1420578125,1.000121355,-0.0001213554647,-36406.63942,-64211.04929,,,-27804.40988
-51.03,-5.103,0.000007888601176,,,-51.04,-5.104,0.000007870457897,1.002305238,-294.9884738,-0.002305238078,127964.4288,1420582031,1.000124106,-0.0001241055592,-37231.66776,127964.4288,,,165196.0965
-51.2,-5.12,0.00000758577575,,,-51.2,-5.12,0.00000758577575,1,-295,0,0,1420585938,1.000126856,-0.0001268556537,-38056.6961,#DIV/0!,,,38056.6961
-51.02,-5.102,0.00000790678628,,,-50.99,-5.099,0.000007961593504,0.9931160484,-295.0344198,0.006883951579,-42858.29387,1420589844,1.000129606,-0.0001296057481,-38881.72444,-42858.29387,,,-3976.569432
-51.22,-5.122,0.000007550922277,,,-51.2,-5.12,0.00000758577575,0.9954054174,-295.0229729,0.004594582648,-64211.04929,1420593750,1.000132356,-0.0001323558426,-39706.75278,-64211.04929,,,-24504.29651
-51.12,-5.112,0.000007726805851,,,-51.1,-5.11,0.000007762471166,0.9954054174,-295.0229729,0.004594582648,-64211.04929,1420597656,1.000135106,-0.0001351059371,-40531.78112,-64211.04929,,,-23679.26817
-51.34,-5.134,0.000007345138682,,,-51.35,-5.135,0.000007328245331,1.002305238,-294.9884738,-0.002305238078,127964.4288,1420601563,1.000137856,-0.0001378560315,-41356.80946,127964.4288,,,169321.2382
-51.11,-5.111,0.000007744617978,,,-51.11,-5.111,0.000007744617978,1,-295,0,0,1420605469,1.000140606,-0.000140606126,-42181.8378,#DIV/0!,,,42181.8378
-50.53,-5.053,0.000008851156098,,,-50.51,-5.051,0.000008892011179,0.9954054174,-295.0229729,0.004594582648,-64211.04929,1420609375,1.000143356,-0.0001433562205,-43006.86614,-64211.04929,,,-21204.18315
-51.08,-5.108,0.000007798301105,,,-51.05,-5.105,0.000007852356346,0.9931160484,-295.0344198,0.006883951579,-42858.29387,1420613281,1.000146106,-0.0001461063149,-43831.89448,-42858.29387,,,973.600613
-51.51,-5.151,0.000007063175543,,,-51.5,-5.15,0.000007079457844,0.9977000638,-295.0114997,0.002299936177,-128269.4288,1420617188,1.000148856,-0.0001488564094,-44656.92282,-128269.4288,,,-83612.50594
-51.4,-5.14,0.000007244359601,,,-51.4,-5.14,0.000007244359601,1,-295,0,0,1420621094,1.000151607,-0.0001516065039,-45481.95116,#DIV/0!,,,45481.95116
-51.4,-5.14,0.000007244359601,,,-51.4,-5.14,0.000007244359601,1,-295,0,0,1420625000,1.000154357,-0.0001543565983,-46306.9795,#DIV/0!,,,46306.9795
-51.37,-5.137,0.000007294575103,,,-51.36,-5.136,0.000007311390835,0.9977000638,-295.0114997,0.002299936177,-128269.4288,1420628906,1.000157107,-0.0001571066928,-47132.00785,-128269.4288,,,-81137.42092
-51.42,-5.142,0.000007211074792,,,-51.42,-5.142,0.000007211074792,1,-295,0,0,1420632813,1.000159857,-0.0001598567873,-47957.03619,#DIV/0!,,,47957.03619
-51.06,-5.106,0.000007834296428,,,-51.07,-5.107,0.000007816278046,1.002305238,-294.9884738,-0.002305238078,127964.4288,1420636719,1.000162607,-0.0001626068818,-48782.06453,127964.4288,,,176746.4933
-51.08,-5.108,0.000007798301105,,,-51.11,-5.111,0.000007744617978,1.006931669,-294.9653417,-0.006931668852,42553.29387,1420640625,1.000165357,-0.0001653569762,-49607.09287,42553.29387,,,92160.38674
-50.97,-5.097,0.00000799834255,,,-50.99,-5.099,0.000007961593504,1.00461579,-294.976921,-0.004615790278,63906.04929,1420644531,1.000168107,-0.0001681070707,-50432.12121,63906.04929,,,114338.1705
-51.26,-5.126,0.000007481695005,,,-51.26,-5.126,0.000007481695005,1,-295,0,0,1420648438,1.000170857,-0.0001708571652,-51257.14955,#DIV/0!,,,51257.14955
-51.01,-5.101,0.000007925013305,,,-51.03,-5.103,0.000007888601176,1.00461579,-294.976921,-0.004615790278,63906.04929,1420652344,1.000173607,-0.0001736072596,-52082.17789,63906.04929,,,115988.2272
-51.09,-5.109,0.00000778036551,,,-51.09,-5.109,0.00000778036551,1,-295,0,0,1420656250,1.000176357,-0.0001763573541,-52907.20623,#DIV/0!,,,52907.20623
-50.97,-5.097,0.00000799834255,,,-50.97,-5.097,0.00000799834255,1,-295,0,0,1420660156,1.000179107,-0.0001791074486,-53732.23457,#DIV/0!,,,53732.23457
-51.24,-5.124,0.00000751622894,,,-51.23,-5.123,0.000007533555637,0.9977000638,-295.0114997,0.002299936177,-128269.4288,1420664063,1.000181858,-0.000181857543,-54557.26291,-128269.4288,,,-73712.16585
-50.95,-5.095,0.000008035261222,,,-50.94,-5.094,0.000008053784412,0.9977000638,-295.0114997,0.002299936177,-128269.4288,1420667969,1.000184608,-0.0001846076375,-55382.29125,-128269.4288,,,-72887.13751
-50.94,-5.094,0.000008053784412,,,-50.93,-5.093,0.000008072350302,0.9977000638,-295.0114997,0.002299936177,-128269.4288,1420671875,1.000187358,-0.000187357732,-56207.31959,-128269.4288,,,-72062.10917
-50.95,-5.095,0.000008035261222,,,-50.94,-5.094,0.000008053784412,0.9977000638,-295.0114997,0.002299936177,-128269.4288,1420675781,1.000190108,-0.0001901078265,-57032.34794,-128269.4288,,,-71237.08083
-51.13,-5.113,0.000007709034691,,,-51.15,-5.115,0.000007673614894,1.00461579,-294.976921,-0.004615790278,63906.04929,1420679688,1.000192858,-0.0001928579209,-57857.37628,63906.04929,,,121763.4256
-51.12,-5.112,0.000007726805851,,,-51.1,-5.11,0.000007762471166,0.9954054174,-295.0229729,0.004594582648,-64211.04929,1420683594,1.000195608,-0.0001956080154,-58682.40462,-64211.04929,,,-5528.644674
-51.41,-5.141,0.000007227698036,,,-51.4,-5.14,0.000007244359601,0.9977000638,-295.0114997,0.002299936177,-128269.4288,1420687500,1.000198358,-0.0001983581099,-59507.43296,-128269.4288,,,-68761.99581
-51.24,-5.124,0.00000751622894,,,-51.25,-5.125,0.000007498942093,1.002305238,-294.9884738,-0.002305238078,127964.4288,1420691406,1.000201108,-0.0002011082043,-60332.4613,127964.4288,,,188296.8901
-51.38,-5.138,0.000007277798045,,,-51.37,-5.137,0.000007294575103,0.9977000638,-295.0114997,0.002299936177,-128269.4288,1420695313,1.000203858,-0.0002038582988,-61157.48964,-128269.4288,,,-67111.93913
-51.2,-5.12,0.00000758577575,,,-51.2,-5.12,0.00000758577575,1,-295,0,0,1420699219,1.000206608,-0.0002066083933,-61982.51798,#DIV/0!,,,61982.51798
-51.25,-5.125,0.000007498942093,,,-51.24,-5.124,0.00000751622894,0.9977000638,-295.0114997,0.002299936177,-128269.4288,1420703125,1.000209358,-0.0002093584877,-62807.54632,-128269.4288,,,-65461.88245
-51.07,-5.107,0.000007816278046,,,-51.07,-5.107,0.000007816278046,1,-295,0,0,1420707031,1.000212109,-0.0002121085822,-63632.57466,#DIV/0!,,,63632.57466
-51.38,-5.138,0.000007277798045,,,-51.38,-5.138,0.000007277798045,1,-295,0,0,1420710938,1.000214859,-0.0002148586767,-64457.603,#DIV/0!,,,64457.603
-51.18,-5.118,0.0000076207901,,,-51.18,-5.118,0.0000076207901,1,-295,0,0,1420714844,1.000217609,-0.0002176087711,-65282.63134,#DIV/0!,,,65282.63134
-51.18,-5.118,0.0000076207901,,,-51.18,-5.118,0.0000076207901,1,-295,0,0,1420718750,1.000220359,-0.0002203588656,-66107.65968,#DIV/0!,,,66107.65968
-51.2,-5.12,0.00000758577575,,,-51.21,-5.121,0.00000756832895,1.002305238,-294.9884738,-0.002305238078,127964.4288,1420722656,1.000223109,-0.0002231089601,-66932.68802,127964.4288,,,194897.1168
-51.46,-5.146,0.000007144963261,,,-51.49,-5.149,0.00000709577768,1.006931669,-294.9653417,-0.006931668852,42553.29387,1420726563,1.000225859,-0.0002258590546,-67757.71637,42553.29387,,,110311.0102
-51.55,-5.155,0.00000699841996,,,-51.57,-5.157,0.000006966265141,1.00461579,-294.976921,-0.004615790278,63906.04929,1420730469,1.000228609,-0.000228609149,-68582.74471,63906.04929,,,132488.794
-51.6,-5.16,0.000006918309709,,,-51.61,-5.161,0.000006902398038,1.002305238,-294.9884738,-0.002305238078,127964.4288,1420734375,1.000231359,-0.0002313592435,-69407.77305,127964.4288,,,197372.2018
-51.66,-5.166,0.000006823386941,,,-51.66,-5.166,0.000006823386941,1,-295,0,0,1420738281,1.000234109,-0.000234109338,-70232.80139,#DIV/0!,,,70232.80139
-52,-5.2,0.000006309573445,,,-52,-5.2,0.000006309573445,1,-295,0,0,1420742188,1.000236859,-0.0002368594324,-71057.82973,#DIV/0!,,,71057.82973
-51.87,-5.187,0.000006501296903,,,-51.87,-5.187,0.000006501296903,1,-295,0,0,1420746094,1.00023961,-0.0002396095269,-71882.85807,#DIV/0!,,,71882.85807
-51.64,-5.164,0.000006854882265,,,-51.64,-5.164,0.000006854882265,1,-295,0,0,1420750000,1.00024236,-0.0002423596214,-72707.88641,#DIV/0!,,,72707.88641
-51.88,-5.188,0.000006486344335,,,-51.86,-5.186,0.000006516283941,0.9954054174,-295.0229729,0.004594582648,-64211.04929,1420753906,1.00024511,-0.0002451097158,-73532.91475,-64211.04929,,,9321.86546
-51.85,-5.185,0.000006531305526,,,-51.84,-5.184,0.000006546361741,0.9977000638,-295.0114997,0.002299936177,-128269.4288,1420757813,1.00024786,-0.0002478598103,-74357.94309,-128269.4288,,,-53911.48567
-51.6,-5.16,0.000006918309709,,,-51.6,-5.16,0.000006918309709,1,-295,0,0,1420761719,1.00025061,-0.0002506099048,-75182.97143,#DIV/0!,,,75182.97143
-51.62,-5.162,0.000006886522963,,,-51.62,-5.162,0.000006886522963,1,-295,0,0,1420765625,1.00025336,-0.0002533599992,-76007.99977,#DIV/0!,,,76007.99977
-51.54,-5.154,0.000007014552984,,,-51.53,-5.153,0.000007030723199,0.9977000638,-295.0114997,0.002299936177,-128269.4288,1420769531,1.00025611,-0.0002561100937,-76833.02811,-128269.4288,,,-51436.40065
-51.53,-5.153,0.000007030723199,,,-51.53,-5.153,0.000007030723199,1,-295,0,0,1420773438,1.00025886,-0.0002588601882,-77658.05645,#DIV/0!,,,77658.05645
-51.25,-5.125,0.000007498942093,,,-51.26,-5.126,0.000007481695005,1.002305238,-294.9884738,-0.002305238078,127964.4288,1420777344,1.00026161,-0.0002616102827,-78483.0848,127964.4288,,,206447.5136
-51.27,-5.127,0.000007464487584,,,-51.27,-5.127,0.000007464487584,1,-295,0,0,1420781250,1.00026436,-0.0002643603771,-79308.11314,#DIV/0!,,,79308.11314
-51.24,-5.124,0.00000751622894,,,-51.27,-5.127,0.000007464487584,1.006931669,-294.9653417,-0.006931668852,42553.29387,1420785156,1.00026711,-0.0002671104716,-80133.14148,42553.29387,,,122686.4353
-51.42,-5.142,0.000007211074792,,,-51.44,-5.144,0.000007177942913,1.00461579,-294.976921,-0.004615790278,63906.04929,1420789063,1.000269861,-0.0002698605661,-80958.16982,63906.04929,,,144864.2191
-51.16,-5.116,0.000007655966069,,,-51.16,-5.116,0.000007655966069,1,-295,0,0,1420792969,1.000272611,-0.0002726106605,-81783.19816,#DIV/0!,,,81783.19816
-51.36,-5.136,0.000007311390835,,,-51.37,-5.137,0.000007294575103,1.002305238,-294.9884738,-0.002305238078,127964.4288,1420796875,1.000275361,-0.000275360755,-82608.2265,127964.4288,,,210572.6553
-51.29,-5.129,0.000007430191379,,,-51.33,-5.133,0.000007362070975,1.009252886,-294.9537356,-0.009252886077,31876.94446,1420800781,1.000278111,-0.0002781108495,-83433.25484,31876.94446,,,115310.1993
-51.52,-5.152,0.00000704693069,,,-51.5,-5.15,0.000007079457844,0.9954054174,-295.0229729,0.004594582648,-64211.04929,1420804688,1.000280861,-0.0002808609439,-84258.28318,-64211.04929,,,20047.23389
-51.37,-5.137,0.000007294575103,,,-51.37,-5.137,0.000007294575103,1,-295,0,0,1420808594,1.000283611,-0.0002836110384,-85083.31152,#DIV/0!,,,85083.31152
-51.48,-5.148,0.000007112135137,,,-51.49,-5.149,0.00000709577768,1.002305238,-294.9884738,-0.002305238078,127964.4288,1420812500,1.000286361,-0.0002863611329,-85908.33986,127964.4288,,,213872.7686
-51.28,-5.128,0.000007447319739,,,-51.26,-5.126,0.000007481695005,0.9954054174,-295.0229729,0.004594582648,-64211.04929,1420816406,1.000289111,-0.0002891112273,-86733.3682,-64211.04929,,,22522.31891
-51.32,-5.132,0.000007379042301,,,-51.31,-5.131,0.000007396052751,0.9977000638,-295.0114997,0.002299936177,-128269.4288,1420820313,1.000291861,-0.0002918613218,-87558.39654,-128269.4288,,,-40711.03222
-51.12,-5.112,0.000007726805851,,,-51.13,-5.113,0.000007709034691,1.002305238,-294.9884738,-0.002305238078,127964.4288,1420824219,1.000294611,-0.0002946114163,-88383.42489,127964.4288,,,216347.8537
-51.11,-5.111,0.000007744617978,,,-51.12,-5.112,0.000007726805851,1.002305238,-294.9884738,-0.002305238078,127964.4288,1420828125,1.000297362,-0.0002973615108,-89208.45323,127964.4288,,,217172.882
-51.11,-5.111,0.000007744617978,,,-51.11,-5.111,0.000007744617978,1,-295,0,0,1420832031,1.000300112,-0.0003001116052,-90033.48157,#DIV/0!,,,90033.48157
-51.49,-5.149,0.00000709577768,,,-51.47,-5.147,0.000007128530301,0.9954054174,-295.0229729,0.004594582648,-64211.04929,1420835938,1.000302862,-0.0003028616997,-90858.50991,-64211.04929,,,26647.46062
-51.19,-5.119,0.000007603262769,,,-51.19,-5.119,0.000007603262769,1,-295,0,0,1420839844,1.000305612,-0.0003056117942,-91683.53825,#DIV/0!,,,91683.53825
-51.31,-5.131,0.000007396052751,,,-51.31,-5.131,0.000007396052751,1,-295,0,0,1420843750,1.000308362,-0.0003083618886,-92508.56659,#DIV/0!,,,92508.56659
-51.3,-5.13,0.000007413102413,,,-51.3,-5.13,0.000007413102413,1,-295,0,0,1420847656,1.000311112,-0.0003111119831,-93333.59493,#DIV/0!,,,93333.59493
-51.54,-5.154,0.000007014552984,,,-51.54,-5.154,0.000007014552984,1,-295,0,0,1420851563,1.000313862,-0.0003138620776,-94158.62327,#DIV/0!,,,94158.62327
-51.28,-5.128,0.000007447319739,,,-51.28,-5.128,0.000007447319739,1,-295,0,0,1420855469,1.000316612,-0.000316612172,-94983.65161,#DIV/0!,,,94983.65161
-51.36,-5.136,0.000007311390835,,,-51.37,-5.137,0.000007294575103,1.002305238,-294.9884738,-0.002305238078,127964.4288,1420859375,1.000319362,-0.0003193622665,-95808.67995,127964.4288,,,223773.1087
-51.36,-5.136,0.000007311390835,,,-51.34,-5.134,0.000007345138682,0.9954054174,-295.0229729,0.004594582648,-64211.04929,1420863281,1.000322112,-0.000322112361,-96633.70829,-64211.04929,,,32422.659
-51.81,-5.181,0.000006591738952,,,-51.8,-5.18,0.00000660693448,0.9977000638,-295.0114997,0.002299936177,-128269.4288,1420867188,1.000324862,-0.0003248624554,-97458.73663,-128269.4288,,,-30810.69213
-51.68,-5.168,0.000006792036326,,,-51.67,-5.167,0.000006807693587,0.9977000638,-295.0114997,0.002299936177,-128269.4288,1420871094,1.000327613,-0.0003276125499,-98283.76497,-128269.4288,,,-29985.66379
-51.52,-5.152,0.00000704693069,,,-51.51,-5.151,0.000007063175543,0.9977000638,-295.0114997,0.002299936177,-128269.4288,1420875000,1.000330363,-0.0003303626444,-99108.79332,-128269.4288,,,-29160.63545
-51.72,-5.172,0.000006729766563,,,-51.72,-5.172,0.000006729766563,1,-295,0,0,1420878906,1.000333113,-0.0003331127389,-99933.82166,#DIV/0!,,,99933.82166
-51.76,-5.176,0.000006668067692,,,-51.76,-5.176,0.000006668067692,1,-295,0,0,1420882813,1.000335863,-0.0003358628333,-100758.85,#DIV/0!,,,100758.85
-51.38,-5.138,0.000007277798045,,,-51.38,-5.138,0.000007277798045,1,-295,0,0,1420886719,1.000338613,-0.0003386129278,-101583.8783,#DIV/0!,,,101583.8783
-51.38,-5.138,0.000007277798045,,,-51.36,-5.136,0.000007311390835,0.9954054174,-295.0229729,0.004594582648,-64211.04929,1420890625,1.000341363,-0.0003413630223,-102408.9067,-64211.04929,,,38197.85739
-51.38,-5.138,0.000007277798045,,,-51.4,-5.14,0.000007244359601,1.00461579,-294.976921,-0.004615790278,63906.04929,1420894531,1.000344113,-0.0003441131167,-103233.935,63906.04929,,,167139.9843
-51.17,-5.117,0.000007638357836,,,-51.18,-5.118,0.0000076207901,1.002305238,-294.9884738,-0.002305238078,127964.4288,1420898438,1.000346863,-0.0003468632112,-104058.9634,127964.4288,,,232023.3921
-51.23,-5.123,0.000007533555637,,,-51.2,-5.12,0.00000758577575,0.9931160484,-295.0344198,0.006883951579,-42858.29387,1420902344,1.000349613,-0.0003496133057,-104883.9917,-42858.29387,,,62025.69783
-51.46,-5.146,0.000007144963261,,,-51.46,-5.146,0.000007144963261,1,-295,0,0,1420906250,1.000352363,-0.0003523634001,-105709.02,#DIV/0!,,,105709.02
-51.38,-5.138,0.000007277798045,,,-51.4,-5.14,0.000007244359601,1.00461579,-294.976921,-0.004615790278,63906.04929,1420910156,1.000355113,-0.0003551134946,-106534.0484,63906.04929,,,170440.0977
-51.57,-5.157,0.000006966265141,,,-51.56,-5.156,0.000006982324041,0.9977000638,-295.0114997,0.002299936177,-128269.4288,1420914063,1.000357864,-0.0003578635891,-107359.0767,-128269.4288,,,-20910.35204
-51.48,-5.148,0.000007112135137,,,-51.46,-5.146,0.000007144963261,0.9954054174,-295.0229729,0.004594582648,-64211.04929,1420917969,1.000360614,-0.0003606136835,-108184.1051,-64211.04929,,,43973.05577
-51.49,-5.149,0.00000709577768,,,-51.5,-5.15,0.000007079457844,1.002305238,-294.9884738,-0.002305238078,127964.4288,1420921875,1.000363364,-0.000363363778,-109009.1334,127964.4288,,,236973.5622
-51.52,-5.152,0.00000704693069,,,-51.52,-5.152,0.00000704693069,1,-295,0,0,1420925781,1.000366114,-0.0003661138725,-109834.1617,#DIV/0!,,,109834.1617
-51.78,-5.178,0.000006637430704,,,-51.76,-5.176,0.000006668067692,0.9954054174,-295.0229729,0.004594582648,-64211.04929,1420929688,1.000368864,-0.000368863967,-110659.1901,-64211.04929,,,46448.1408
-51.65,-5.165,0.000006839116473,,,-51.66,-5.166,0.000006823386941,1.002305238,-294.9884738,-0.002305238078,127964.4288,1420933594,1.000371614,-0.0003716140614,-111484.2184,127964.4288,,,239448.6472
-51.71,-5.171,0.000006745280277,,,-51.72,-5.172,0.000006729766563,1.002305238,-294.9884738,-0.002305238078,127964.4288,1420937500,1.000374364,-0.0003743641559,-112309.2468,127964.4288,,,240273.6755
-51.71,-5.171,0.000006745280277,,,-51.72,-5.172,0.000006729766563,1.002305238,-294.9884738,-0.002305238078,127964.4288,1420941406,1.000377114,-0.0003771142504,-113134.2751,127964.4288,,,241098.7039
-51.79,-5.179,0.000006622165037,,,-51.79,-5.179,0.000006622165037,1,-295,0,0,1420945313,1.000379864,-0.0003798643448,-113959.3034,#DIV/0!,,,113959.3034
-51.67,-5.167,0.000006807693587,,,-51.68,-5.168,0.000006792036326,1.002305238,-294.9884738,-0.002305238078,127964.4288,1420949219,1.000382614,-0.0003826144393,-114784.3318,127964.4288,,,242748.7606
-51.66,-5.166,0.000006823386941,,,-51.66,-5.166,0.000006823386941,1,-295,0,0,1420953125,1.000385365,-0.0003853645338,-115609.3601,#DIV/0!,,,115609.3601
-51.61,-5.161,0.000006902398038,,,-51.64,-5.164,0.000006854882265,1.006931669,-294.9653417,-0.006931668852,42553.29387,1420957031,1.000388115,-0.0003881146282,-116434.3885,42553.29387,,,158987.6823
-51.98,-5.198,0.000006338697113,,,-51.97,-5.197,0.000006353309319,0.9977000638,-295.0114997,0.002299936177,-128269.4288,1420960938,1.000390865,-0.0003908647227,-117259.4168,-128269.4288,,,-11010.01195
-51.73,-5.173,0.000006714288529,,,-51.74,-5.174,0.000006698846094,1.002305238,-294.9884738,-0.002305238078,127964.4288,1420964844,1.000393615,-0.0003936148172,-118084.4452,127964.4288,,,246048.8739
-51.65,-5.165,0.000006839116473,,,-51.65,-5.165,0.000006839116473,1,-295,0,0,1420968750,1.000396365,-0.0003963649116,-118909.4735,#DIV/0!,,,118909.4735
-51.7,-5.17,0.000006760829754,,,-51.69,-5.169,0.000006776415076,0.9977000638,-295.0114997,0.002299936177,-128269.4288,1420972656,1.000399115,-0.0003991150061,-119734.5018,-128269.4288,,,-8534.926931
-51.96,-5.196,0.000006367955209,,,-51.98,-5.198,0.000006338697113,1.00461579,-294.976921,-0.004615790278,63906.04929,1420976563,1.000401865,-0.0004018651006,-120559.5302,63906.04929,,,184465.5795
-51.75,-5.175,0.000006683439176,,,-51.75,-5.175,0.000006683439176,1,-295,0,0,1420980469,1.000404615,-0.0004046151951,-121384.5585,#DIV/0!,,,121384.5585
-51.81,-5.181,0.000006591738952,,,-51.8,-5.18,0.00000660693448,0.9977000638,-295.0114997,0.002299936177,-128269.4288,1420984375,1.000407365,-0.0004073652895,-122209.5869,-128269.4288,,,-6059.841909
-51.79,-5.179,0.000006622165037,,,-51.81,-5.181,0.000006591738952,1.00461579,-294.976921,-0.004615790278,63906.04929,1420988281,1.000410115,-0.000410115384,-123034.6152,63906.04929,,,186940.6645
-52.03,-5.203,0.000006266138647,,,-52.02,-5.202,0.000006280583588,0.9977000638,-295.0114997,0.002299936177,-128269.4288,1420992188,1.000412865,-0.0004128654785,-123859.6435,-128269.4288,,,-4409.785227
-51.67,-5.167,0.000006807693587,,,-51.68,-5.168,0.000006792036326,1.002305238,-294.9884738,-0.002305238078,127964.4288,1420996094,1.000415616,-0.0004156155729,-124684.6719,127964.4288,,,252649.1006
-50.24,-5.024,0.000009462371614,,,-50.21,-5.021,0.00000952796164,0.9931160484,-295.0344198,0.006883951579,-42858.29387,1421000000,1.000418366,-0.0004183656674,-125509.7002,-42858.29387,,,82651.40635
-49.74,-4.974,0.00001061695557,,,-49.78,-4.978,0.00001051961874,1.009252886,-294.9537356,-0.009252886077,31876.94446,1421003906,1.000421116,-0.0004211157619,-126334.7286,31876.94446,,,158211.673
-43.02,-4.302,0.00004988844875,,,-43.04,-4.304,0.00004965923215,1.00461579,-294.976921,-0.004615790278,63906.04929,1421007813,1.000423866,-0.0004238658563,-127159.7569,63906.04929,,,191065.8062
-42.36,-4.236,0.00005807644175,,,-42.37,-4.237,0.00005794286964,1.002305238,-294.9884738,-0.002305238078,127964.4288,1421011719,1.000426616,-0.0004266159508,-127984.7852,127964.4288,,,255949.214
-49.24,-4.924,0.00001191242008,,,-49.25,-4.925,0.00001188502227,1.002305238,-294.9884738,-0.002305238078,127964.4288,1421015625,1.000429366,-0.0004293660453,-128809.8136,127964.4288,,,256774.2424
-50.6,-5.06,0.0000087096359,,,-50.6,-5.06,0.0000087096359,1,-295,0,0,1421019531,1.000432116,-0.0004321161397,-129634.8419,#DIV/0!,,,129634.8419
-51.39,-5.139,0.000007261059574,,,-51.38,-5.138,0.000007277798045,0.9977000638,-295.0114997,0.002299936177,-128269.4288,1421023438,1.000434866,-0.0004348662342,-130459.8703,-128269.4288,,,2190.441499
-51.27,-5.127,0.000007464487584,,,-51.27,-5.127,0.000007464487584,1,-295,0,0,1421027344,1.000437616,-0.0004376163287,-131284.8986,#DIV/0!,,,131284.8986
-51.43,-5.143,0.00000719448978,,,-51.42,-5.142,0.000007211074792,0.9977000638,-295.0114997,0.002299936177,-128269.4288,1421031250,1.000440366,-0.0004403664232,-132109.9269,-128269.4288,,,3840.49818
-51.45,-5.145,0.000007161434102,,,-51.45,-5.145,0.000007161434102,1,-295,0,0,1421035156,1.000443117,-0.0004431165176,-132934.9553,#DIV/0!,,,132934.9553
-51.66,-5.166,0.000006823386941,,,-51.68,-5.168,0.000006792036326,1.00461579,-294.976921,-0.004615790278,63906.04929,1421039063,1.000445867,-0.0004458666121,-133759.9836,63906.04929,,,197666.0329
-51.36,-5.136,0.000007311390835,,,-51.37,-5.137,0.000007294575103,1.002305238,-294.9884738,-0.002305238078,127964.4288,1421042969,1.000448617,-0.0004486167066,-134585.012,127964.4288,,,262549.4407
-51.42,-5.142,0.000007211074792,,,-51.4,-5.14,0.000007244359601,0.9954054174,-295.0229729,0.004594582648,-64211.04929,1421046875,1.000451367,-0.000451366801,-135410.0403,-64211.04929,,,71198.99102
-51.39,-5.139,0.000007261059574,,,-51.39,-5.139,0.000007261059574,1,-295,0,0,1421050781,1.000454117,-0.0004541168955,-136235.0687,#DIV/0!,,,136235.0687
-51.56,-5.156,0.000006982324041,,,-51.56,-5.156,0.000006982324041,1,-295,0,0,1421054688,1.000456867,-0.00045686699,-137060.097,#DIV/0!,,,137060.097
-51.42,-5.142,0.000007211074792,,,-51.45,-5.145,0.000007161434102,1.006931669,-294.9653417,-0.006931668852,42553.29387,1421058594,1.000459617,-0.0004596170844,-137885.1253,42553.29387,,,180438.4192
-51.44,-5.144,0.000007177942913,,,-51.44,-5.144,0.000007177942913,1,-295,0,0,1421062500,1.000462367,-0.0004623671789,-138710.1537,#DIV/0!,,,138710.1537
-51.39,-5.139,0.000007261059574,,,-51.38,-5.138,0.000007277798045,0.9977000638,-295.0114997,0.002299936177,-128269.4288,1421066406,1.000465117,-0.0004651172734,-139535.182,-128269.4288,,,11265.75325
-51.46,-5.146,0.000007144963261,,,-51.43,-5.143,0.00000719448978,0.9931160484,-295.0344198,0.006883951579,-42858.29387,1421070313,1.000467867,-0.0004678673679,-140360.2104,-42858.29387,,,97501.91649
-51.23,-5.123,0.000007533555637,,,-51.22,-5.122,0.000007550922277,0.9977000638,-295.0114997,0.002299936177,-128269.4288,1421074219,1.000470617,-0.0004706174623,-141185.2387,-128269.4288,,,12915.80993
-51.19,-5.119,0.000007603262769,,,-51.18,-5.118,0.0000076207901,0.9977000638,-295.0114997,0.002299936177,-128269.4288,1421078125,1.000473368,-0.0004733675568,-142010.267,-128269.4288,,,13740.83827
-51.13,-5.113,0.000007709034691,,,-51.14,-5.114,0.000007691304403,1.002305238,-294.9884738,-0.002305238078,127964.4288,1421082031,1.000476118,-0.0004761176513,-142835.2954,127964.4288,,,270799.7241
-51.25,-5.125,0.000007498942093,,,-51.26,-5.126,0.000007481695005,1.002305238,-294.9884738,-0.002305238078,127964.4288,1421085938,1.000478868,-0.0004788677457,-143660.3237,127964.4288,,,271624.7525
-51.06,-5.106,0.000007834296428,,,-51.07,-5.107,0.000007816278046,1.002305238,-294.9884738,-0.002305238078,127964.4288,1421089844,1.000481618,-0.0004816178402,-144485.3521,127964.4288,,,272449.7808
-51.14,-5.114,0.000007691304403,,,-51.14,-5.114,0.000007691304403,1,-295,0,0,1421093750,1.000484368,-0.0004843679347,-145310.3804,#DIV/0!,,,145310.3804
-51.11,-5.111,0.000007744617978,,,-51.12,-5.112,0.000007726805851,1.002305238,-294.9884738,-0.002305238078,127964.4288,1421097656,1.000487118,-0.0004871180291,-146135.4087,127964.4288,,,274099.8375
-51.33,-5.133,0.000007362070975,,,-51.33,-5.133,0.000007362070975,1,-295,0,0,1421101563,1.000489868,-0.0004898681236,-146960.4371,#DIV/0!,,,146960.4371
-51.07,-5.107,0.000007816278046,,,-51.06,-5.106,0.000007834296428,0.9977000638,-295.0114997,0.002299936177,-128269.4288,1421105469,1.000492618,-0.0004926182181,-147785.4654,-128269.4288,,,19516.03666
-50.98,-5.098,0.000007979946873,,,-51.01,-5.101,0.000007925013305,1.006931669,-294.9653417,-0.006931668852,42553.29387,1421109375,1.000495368,-0.0004953683125,-148610.4938,42553.29387,,,191163.7876
-51.01,-5.101,0.000007925013305,,,-51,-5.1,0.000007943282347,0.9977000638,-295.0114997,0.002299936177,-128269.4288,1421113281,1.000498118,-0.000498118407,-149435.5221,-128269.4288,,,21166.09334
-51.45,-5.145,0.000007161434102,,,-51.43,-5.143,0.00000719448978,0.9954054174,-295.0229729,0.004594582648,-64211.04929,1421117188,1.000500869,-0.0005008685015,-150260.5504,-64211.04929,,,86049.50115
-51.3,-5.13,0.000007413102413,,,-51.3,-5.13,0.000007413102413,1,-295,0,0,1421121094,1.000503619,-0.000503618596,-151085.5788,#DIV/0!,,,151085.5788
-51.04,-5.104,0.000007870457897,,,-51.01,-5.101,0.000007925013305,0.9931160484,-295.0344198,0.006883951579,-42858.29387,1421125000,1.000506369,-0.0005063686904,-151910.6071,-42858.29387,,,109052.3133
-51.26,-5.126,0.000007481695005,,,-51.23,-5.123,0.000007533555637,0.9931160484,-295.0344198,0.006883951579,-42858.29387,1421128906,1.000509119,-0.0005091187849,-152735.6355,-42858.29387,,,109877.3416
-51.3,-5.13,0.000007413102413,,,-51.33,-5.133,0.000007362070975,1.006931669,-294.9653417,-0.006931668852,42553.29387,1421132813,1.000511869,-0.0005118688794,-153560.6638,42553.29387,,,196113.9577
-50.91,-5.091,0.000008109610579,,,-50.93,-5.093,0.000008072350302,1.00461579,-294.976921,-0.004615790278,63906.04929,1421136719,1.000514619,-0.0005146189738,-154385.6921,63906.04929,,,218291.7414
-50.9,-5.09,0.000008128305162,,,-50.92,-5.092,0.000008090958992,1.00461579,-294.976921,-0.004615790278,63906.04929,1421140625,1.000517369,-0.0005173690683,-155210.7205,63906.04929,,,219116.7698
-50.82,-5.082,0.000008279421637,,,-50.83,-5.083,0.000008260379496,1.002305238,-294.9884738,-0.002305238078,127964.4288,1421144531,1.000520119,-0.0005201191628,-156035.7488,127964.4288,,,284000.1776
-51.1,-5.11,0.000007762471166,,,-51.1,-5.11,0.000007762471166,1,-295,0,0,1421148438,1.000522869,-0.0005228692572,-156860.7772,#DIV/0!,,,156860.7772
-50.83,-5.083,0.000008260379496,,,-50.84,-5.084,0.00000824138115,1.002305238,-294.9884738,-0.002305238078,127964.4288,1421152344,1.000525619,-0.0005256193517,-157685.8055,127964.4288,,,285650.2343
-50.82,-5.082,0.000008279421637,,,-50.83,-5.083,0.000008260379496,1.002305238,-294.9884738,-0.002305238078,127964.4288,1421156250,1.000528369,-0.0005283694462,-158510.8339,127964.4288,,,286475.2626
-50.75,-5.075,0.000008413951416,,,-50.76,-5.076,0.000008394599865,1.002305238,-294.9884738,-0.002305238078,127964.4288,1421160156,1.00053112,-0.0005311195406,-159335.8622,127964.4288,,,287300.291
-51,-5.1,0.000007943282347,,,-51.02,-5.102,0.00000790678628,1.00461579,-294.976921,-0.004615790278,63906.04929,1421164063,1.00053387,-0.0005338696351,-160160.8905,63906.04929,,,224066.9398
-50.69,-5.069,0.00000853100114,,,-50.71,-5.071,0.00000849180475,1.00461579,-294.976921,-0.004615790278,63906.04929,1421167969,1.00053662,-0.0005366197296,-160985.9189,63906.04929,,,224891.9682
-50.65,-5.065,0.000008609937522,,,-50.65,-5.065,0.000008609937522,1,-295,0,0,1421171875,1.00053937,-0.0005393698241,-161810.9472,#DIV/0!,,,161810.9472
-50.68,-5.068,0.000008550667129,,,-50.68,-5.068,0.000008550667129,1,-295,0,0,1421175781,1.00054212,-0.0005421199185,-162635.9756,#DIV/0!,,,162635.9756
-50.92,-5.092,0.000008090958992,,,-50.92,-5.092,0.000008090958992,1,-295,0,0,1421179688,1.00054487,-0.000544870013,-163461.0039,#DIV/0!,,,163461.0039
-50.82,-5.082,0.000008279421637,,,-50.82,-5.082,0.000008279421637,1,-295,0,0,1421183594,1.00054762,-0.0005476201075,-164286.0322,#DIV/0!,,,164286.0322
-51,-5.1,0.000007943282347,,,-50.99,-5.099,0.000007961593504,0.9977000638,-295.0114997,0.002299936177,-128269.4288,1421187500,1.00055037,-0.0005503702019,-165111.0606,-128269.4288,,,36841.63181
-50.96,-5.096,0.000008016780634,,,-50.96,-5.096,0.000008016780634,1,-295,0,0,1421191406,1.00055312,-0.0005531202964,-165936.0889,#DIV/0!,,,165936.0889
-51.03,-5.103,0.000007888601176,,,-51.04,-5.104,0.000007870457897,1.002305238,-294.9884738,-0.002305238078,127964.4288,1421195313,1.00055587,-0.0005558703909,-166761.1173,127964.4288,,,294725.546
-50.86,-5.086,0.000008203515443,,,-50.88,-5.088,0.000008165823714,1.00461579,-294.976921,-0.004615790278,63906.04929,1421199219,1.00055862,-0.0005586204853,-167586.1456,63906.04929,,,231492.1949
-50.88,-5.088,0.000008165823714,,,-50.9,-5.09,0.000008128305162,1.00461579,-294.976921,-0.004615790278,63906.04929,1421203125,1.000561371,-0.0005613705798,-168411.1739,63906.04929,,,232317.2232
-50.72,-5.072,0.000008472274141,,,-50.72,-5.072,0.000008472274141,1,-295,0,0,1421207031,1.000564121,-0.0005641206743,-169236.2023,#DIV/0!,,,169236.2023
-51.04,-5.104,0.000007870457897,,,-51.03,-5.103,0.000007888601176,0.9977000638,-295.0114997,0.002299936177,-128269.4288,1421210938,1.000566871,-0.0005668707687,-170061.2306,-128269.4288,,,41791.80186
-50.84,-5.084,0.00000824138115,,,-50.84,-5.084,0.00000824138115,1,-295,0,0,1421214844,1.000569621,-0.0005696208632,-170886.259,#DIV/0!,,,170886.259
-50.82,-5.082,0.000008279421637,,,-50.83,-5.083,0.000008260379496,1.002305238,-294.9884738,-0.002305238078,127964.4288,1421218750,1.000572371,-0.0005723709577,-171711.2873,127964.4288,,,299675.7161
-50.85,-5.085,0.000008222426499,,,-50.85,-5.085,0.000008222426499,1,-295,0,0,1421222656,1.000575121,-0.0005751210522,-172536.3156,#DIV/0!,,,172536.3156
-51.09,-5.109,0.00000778036551,,,-51.12,-5.112,0.000007726805851,1.006931669,-294.9653417,-0.006931668852,42553.29387,1421226563,1.000577871,-0.0005778711466,-173361.344,42553.29387,,,215914.6379
-51.17,-5.117,0.000007638357836,,,-51.2,-5.12,0.00000758577575,1.006931669,-294.9653417,-0.006931668852,42553.29387,1421230469,1.000580621,-0.0005806212411,-174186.3723,42553.29387,,,216739.6662
-51.22,-5.122,0.000007550922277,,,-51.25,-5.125,0.000007498942093,1.006931669,-294.9653417,-0.006931668852,42553.29387,1421234375,1.000583371,-0.0005833713356,-175011.4007,42553.29387,,,217564.6945
-51.3,-5.13,0.000007413102413,,,-51.33,-5.133,0.000007362070975,1.006931669,-294.9653417,-0.006931668852,42553.29387,1421238281,1.000586121,-0.00058612143,-175836.429,42553.29387,,,218389.7229
-51.65,-5.165,0.000006839116473,,,-51.66,-5.166,0.000006823386941,1.002305238,-294.9884738,-0.002305238078,127964.4288,1421242188,1.000588872,-0.0005888715245,-176661.4573,127964.4288,,,304625.8861
-51.53,-5.153,0.000007030723199,,,-51.53,-5.153,0.000007030723199,1,-295,0,0,1421246094,1.000591622,-0.000591621619,-177486.4857,#DIV/0!,,,177486.4857
-51.13,-5.113,0.000007709034691,,,-51.12,-5.112,0.000007726805851,0.9977000638,-295.0114997,0.002299936177,-128269.4288,1421250000,1.000594372,-0.0005943717134,-178311.514,-128269.4288,,,50042.08526
-51.53,-5.153,0.000007030723199,,,-51.54,-5.154,0.000007014552984,1.002305238,-294.9884738,-0.002305238078,127964.4288,1421253906,1.000597122,-0.0005971218079,-179136.5424,127964.4288,,,307100.9711
-51.51,-5.151,0.000007063175543,,,-51.51,-5.151,0.000007063175543,1,-295,0,0,1421257813,1.000599872,-0.0005998719024,-179961.5707,#DIV/0!,,,179961.5707
-51.24,-5.124,0.00000751622894,,,-51.28,-5.128,0.000007447319739,1.009252886,-294.9537356,-0.009252886077,31876.94446,1421261719,1.000602622,-0.0006026219968,-180786.5991,31876.94446,,,212663.5435
-51.28,-5.128,0.000007447319739,,,-51.26,-5.126,0.000007481695005,0.9954054174,-295.0229729,0.004594582648,-64211.04929,1421265625,1.000605372,-0.0006053720913,-181611.6274,-64211.04929,,,117400.5781
-51.03,-5.103,0.000007888601176,,,-51.04,-5.104,0.000007870457897,1.002305238,-294.9884738,-0.002305238078,127964.4288,1421269531,1.000608122,-0.0006081221858,-182436.6557,127964.4288,,,310401.0845
-51.2,-5.12,0.00000758577575,,,-51.22,-5.122,0.000007550922277,1.00461579,-294.976921,-0.004615790278,63906.04929,1421273438,1.000610872,-0.0006108722803,-183261.6841,63906.04929,,,247167.7334
-50.91,-5.091,0.000008109610579,,,-50.92,-5.092,0.000008090958992,1.002305238,-294.9884738,-0.002305238078,127964.4288,1421277344,1.000613622,-0.0006136223747,-184086.7124,127964.4288,,,312051.1412
-50.92,-5.092,0.000008090958992,,,-50.91,-5.091,0.000008109610579,0.9977000638,-295.0114997,0.002299936177,-128269.4288,1421281250,1.000616372,-0.0006163724692,-184911.7408,-128269.4288,,,56642.31199
-50.92,-5.092,0.000008090958992,,,-50.94,-5.094,0.000008053784412,1.00461579,-294.976921,-0.004615790278,63906.04929,1421285156,1.000619123,-0.0006191225637,-185736.7691,63906.04929,,,249642.8184
-51.12,-5.112,0.000007726805851,,,-51.1,-5.11,0.000007762471166,0.9954054174,-295.0229729,0.004594582648,-64211.04929,1421289063,1.000621873,-0.0006218726581,-186561.7974,-64211.04929,,,122350.7481
-50.83,-5.083,0.000008260379496,,,-50.82,-5.082,0.000008279421637,0.9977000638,-295.0114997,0.002299936177,-128269.4288,1421292969,1.000624623,-0.0006246227526,-187386.8258,-128269.4288,,,59117.39701
-50.95,-5.095,0.000008035261222,,,-50.96,-5.096,0.000008016780634,1.002305238,-294.9884738,-0.002305238078,127964.4288,1421296875,1.000627373,-0.0006273728471,-188211.8541,127964.4288,,,316176.2829
-50.39,-5.039,0.000009141132415,,,-50.4,-5.04,0.000009120108394,1.002305238,-294.9884738,-0.002305238078,127964.4288,1421300781,1.000630123,-0.0006301229415,-189036.8825,127964.4288,,,317001.3112
-51.2,-5.12,0.00000758577575,,,-51.21,-5.121,0.00000756832895,1.002305238,-294.9884738,-0.002305238078,127964.4288,1421304688,1.000632873,-0.000632873036,-189861.9108,127964.4288,,,317826.3396
-51.1,-5.11,0.000007762471166,,,-51.09,-5.109,0.00000778036551,0.9977000638,-295.0114997,0.002299936177,-128269.4288,1421308594,1.000635623,-0.0006356231305,-190686.9391,-128269.4288,,,62417.51038
-51.15,-5.115,0.000007673614894,,,-51.17,-5.117,0.000007638357836,1.00461579,-294.976921,-0.004615790278,63906.04929,1421312500,1.000638373,-0.0006383732249,-191511.9675,63906.04929,,,255418.0168
-51.01,-5.101,0.000007925013305,,,-51,-5.1,0.000007943282347,0.9977000638,-295.0114997,0.002299936177,-128269.4288,1421316406,1.000641123,-0.0006411233194,-192336.9958,-128269.4288,,,64067.56706
-51.07,-5.107,0.000007816278046,,,-51.05,-5.105,0.000007852356346,0.9954054174,-295.0229729,0.004594582648,-64211.04929,1421320313,1.000643873,-0.0006438734139,-193162.0242,-64211.04929,,,128950.9749
-50.88,-5.088,0.000008165823714,,,-50.88,-5.088,0.000008165823714,1,-295,0,0,1421324219,1.000646624,-0.0006466235084,-193987.0525,#DIV/0!,,,193987.0525
-50.85,-5.085,0.000008222426499,,,-50.84,-5.084,0.00000824138115,0.9977000638,-295.0114997,0.002299936177,-128269.4288,1421328125,1.000649374,-0.0006493736028,-194812.0808,-128269.4288,,,66542.65208
-50.88,-5.088,0.000008165823714,,,-50.88,-5.088,0.000008165823714,1,-295,0,0,1421332031,1.000652124,-0.0006521236973,-195637.1092,#DIV/0!,,,195637.1092
-51.25,-5.125,0.000007498942093,,,-51.28,-5.128,0.000007447319739,1.006931669,-294.9653417,-0.006931668852,42553.29387,1421335938,1.000654874,-0.0006548737918,-196462.1375,42553.29387,,,239015.4314
-50.97,-5.097,0.00000799834255,,,-50.99,-5.099,0.000007961593504,1.00461579,-294.976921,-0.004615790278,63906.04929,1421339844,1.000657624,-0.0006576238862,-197287.1659,63906.04929,,,261193.2152
-51.08,-5.108,0.000007798301105,,,-51.07,-5.107,0.000007816278046,0.9977000638,-295.0114997,0.002299936177,-128269.4288,1421343750,1.000660374,-0.0006603739807,-198112.1942,-128269.4288,,,69842.76544
-51.08,-5.108,0.000007798301105,,,-51.11,-5.111,0.000007744617978,1.006931669,-294.9653417,-0.006931668852,42553.29387,1421347656,1.000663124,-0.0006631240752,-198937.2226,42553.29387,,,241490.5164
-51.35,-5.135,0.000007328245331,,,-51.34,-5.134,0.000007345138682,0.9977000638,-295.0114997,0.002299936177,-128269.4288,1421351563,1.000665874,-0.0006658741696,-199762.2509,-128269.4288,,,71492.82213
-51.1,-5.11,0.000007762471166,,,-51.11,-5.111,0.000007744617978,1.002305238,-294.9884738,-0.002305238078,127964.4288,1421355469,1.000668624,-0.0006686242641,-200587.2792,127964.4288,,,328551.708
-51.17,-5.117,0.000007638357836,,,-51.16,-5.116,0.000007655966069,0.9977000638,-295.0114997,0.002299936177,-128269.4288,1421359375,1.000671374,-0.0006713743586,-201412.3076,-128269.4288,,,73142.87881
-51.2,-5.12,0.00000758577575,,,-51.21,-5.121,0.00000756832895,1.002305238,-294.9884738,-0.002305238078,127964.4288,1421363281,1.000674124,-0.000674124453,-202237.3359,127964.4288,,,330201.7647
-51.68,-5.168,0.000006792036326,,,-51.68,-5.168,0.000006792036326,1,-295,0,0,1421367188,1.000676875,-0.0006768745475,-203062.3643,#DIV/0!,,,203062.3643
-51.56,-5.156,0.000006982324041,,,-51.56,-5.156,0.000006982324041,1,-295,0,0,1421371094,1.000679625,-0.000679624642,-203887.3926,#DIV/0!,,,203887.3926
-51.32,-5.132,0.000007379042301,,,-51.33,-5.133,0.000007362070975,1.002305238,-294.9884738,-0.002305238078,127964.4288,1421375000,1.000682375,-0.0006823747365,-204712.4209,127964.4288,,,332676.8497
-51.61,-5.161,0.000006902398038,,,-51.62,-5.162,0.000006886522963,1.002305238,-294.9884738,-0.002305238078,127964.4288,1421378906,1.000685125,-0.0006851248309,-205537.4493,127964.4288,,,333501.878
-51.69,-5.169,0.000006776415076,,,-51.69,-5.169,0.000006776415076,1,-295,0,0,1421382813,1.000687875,-0.0006878749254,-206362.4776,#DIV/0!,,,206362.4776
-51.29,-5.129,0.000007430191379,,,-51.3,-5.13,0.000007413102413,1.002305238,-294.9884738,-0.002305238078,127964.4288,1421386719,1.000690625,-0.0006906250199,-207187.506,127964.4288,,,335151.9347
-51.3,-5.13,0.000007413102413,,,-51.32,-5.132,0.000007379042301,1.00461579,-294.976921,-0.004615790278,63906.04929,1421390625,1.000693375,-0.0006933751143,-208012.5343,63906.04929,,,271918.5836
-51.39,-5.139,0.000007261059574,,,-51.39,-5.139,0.000007261059574,1,-295,0,0,1421394531,1.000696125,-0.0006961252088,-208837.5626,#DIV/0!,,,208837.5626
-51.7,-5.17,0.000006760829754,,,-51.7,-5.17,0.000006760829754,1,-295,0,0,1421398438,1.000698875,-0.0006988753033,-209662.591,#DIV/0!,,,209662.591
-51.47,-5.147,0.000007128530301,,,-51.45,-5.145,0.000007161434102,0.9954054174,-295.0229729,0.004594582648,-64211.04929,1421402344,1.000701625,-0.0007016253977,-210487.6193,-64211.04929,,,146276.57
-51.47,-5.147,0.000007128530301,,,-51.47,-5.147,0.000007128530301,1,-295,0,0,1421406250,1.000704375,-0.0007043754922,-211312.6477,#DIV/0!,,,211312.6477
-51.09,-5.109,0.00000778036551,,,-51.12,-5.112,0.000007726805851,1.006931669,-294.9653417,-0.006931668852,42553.29387,1421410156,1.000707126,-0.0007071255867,-212137.676,42553.29387,,,254690.9699
-51.59,-5.159,0.00000693425806,,,-51.59,-5.159,0.00000693425806,1,-295,0,0,1421414063,1.000709876,-0.0007098756811,-212962.7043,#DIV/0!,,,212962.7043
-51.5,-5.15,0.000007079457844,,,-51.48,-5.148,0.000007112135137,0.9954054174,-295.0229729,0.004594582648,-64211.04929,1421417969,1.000712626,-0.0007126257756,-213787.7327,-64211.04929,,,149576.6834
-51.53,-5.153,0.000007030723199,,,-51.55,-5.155,0.00000699841996,1.00461579,-294.976921,-0.004615790278,63906.04929,1421421875,1.000715376,-0.0007153758701,-214612.761,63906.04929,,,278518.8103
-51.58,-5.158,0.000006950243176,,,-51.58,-5.158,0.000006950243176,1,-295,0,0,1421425781,1.000718126,-0.0007181259646,-215437.7894,#DIV/0!,,,215437.7894
-51.87,-5.187,0.000006501296903,,,-51.84,-5.184,0.000006546361741,0.9931160484,-295.0344198,0.006883951579,-42858.29387,1421429688,1.000720876,-0.000720876059,-216262.8177,-42858.29387,,,173404.5238
-51.76,-5.176,0.000006668067692,,,-51.75,-5.175,0.000006683439176,0.9977000638,-295.0114997,0.002299936177,-128269.4288,1421433594,1.000723626,-0.0007236261535,-217087.846,-128269.4288,,,88818.41728
-51.85,-5.185,0.000006531305526,,,-51.83,-5.183,0.000006561452663,0.9954054174,-295.0229729,0.004594582648,-64211.04929,1421437500,1.000726376,-0.000726376248,-217912.8744,-64211.04929,,,153701.8251
-51.83,-5.183,0.000006561452663,,,-51.81,-5.181,0.000006591738952,0.9954054174,-295.0229729,0.004594582648,-64211.04929,1421441406,1.000729126,-0.0007291263424,-218737.9027,-64211.04929,,,154526.8534
-51.91,-5.191,0.000006441692655,,,-51.89,-5.189,0.000006471426157,0.9954054174,-295.0229729,0.004594582648,-64211.04929,1421445313,1.000731876,-0.0007318764369,-219562.9311,-64211.04929,,,155351.8818
-51.8,-5.18,0.00000660693448,,,-51.79,-5.179,0.000006622165037,0.9977000638,-295.0114997,0.002299936177,-128269.4288,1421449219,1.000734627,-0.0007346265314,-220387.9594,-128269.4288,,,92118.53065
-51.84,-5.184,0.000006546361741,,,-51.83,-5.183,0.000006561452663,0.9977000638,-295.0114997,0.002299936177,-128269.4288,1421453125,1.000737377,-0.0007373766258,-221212.9878,-128269.4288,,,92943.55899
-51.81,-5.181,0.000006591738952,,,-51.81,-5.181,0.000006591738952,1,-295,0,0,1421457031,1.000740127,-0.0007401267203,-222038.0161,#DIV/0!,,,222038.0161
-52.17,-5.217,0.000006067363296,,,-52.18,-5.218,0.000006053408748,1.002305238,-294.9884738,-0.002305238078,127964.4288,1421460938,1.000742877,-0.0007428768148,-222863.0444,127964.4288,,,350827.4732
-51.97,-5.197,0.000006353309319,,,-51.97,-5.197,0.000006353309319,1,-295,0,0,1421464844,1.000745627,-0.0007456269093,-223688.0728,#DIV/0!,,,223688.0728
-51.98,-5.198,0.000006338697113,,,-52,-5.2,0.000006309573445,1.00461579,-294.976921,-0.004615790278,63906.04929,1421468750,1.000748377,-0.0007483770037,-224513.1011,63906.04929,,,288419.1504
-52.02,-5.202,0.000006280583588,,,-52.02,-5.202,0.000006280583588,1,-295,0,0,1421472656,1.000751127,-0.0007511270982,-225338.1295,#DIV/0!,,,225338.1295
-52.25,-5.225,0.000005956621435,,,-52.27,-5.227,0.000005929253246,1.00461579,-294.976921,-0.004615790278,63906.04929,1421476563,1.000753877,-0.0007538771927,-226163.1578,63906.04929,,,290069.2071
-49.78,-4.978,0.00001051961874,,,-49.81,-4.981,0.00001044720219,1.006931669,-294.9653417,-0.006931668852,42553.29387,1421480469,1.000756627,-0.0007566272871,-226988.1861,42553.29387,,,269541.48
-52.17,-5.217,0.000006067363296,,,-52.18,-5.218,0.000006053408748,1.002305238,-294.9884738,-0.002305238078,127964.4288,1421484375,1.000759377,-0.0007593773816,-227813.2145,127964.4288,,,355777.6432
-52.24,-5.224,0.000005970352866,,,-52.27,-5.227,0.000005929253246,1.006931669,-294.9653417,-0.006931668852,42553.29387,1421488281,1.000762127,-0.0007621274761,-228638.2428,42553.29387,,,271191.5367
-52.61,-5.261,0.000005482769649,,,-52.63,-5.263,0.000005457578611,1.00461579,-294.976921,-0.004615790278,63906.04929,1421492188,1.000764878,-0.0007648775705,-229463.2712,63906.04929,,,293369.3205
-52.48,-5.248,0.000005649369748,,,-52.47,-5.247,0.00000566239289,0.9977000638,-295.0114997,0.002299936177,-128269.4288,1421496094,1.000767628,-0.000767627665,-230288.2995,-128269.4288,,,102018.8707
-52.48,-5.248,0.000005649369748,,,-52.47,-5.247,0.00000566239289,0.9977000638,-295.0114997,0.002299936177,-128269.4288,1421500000,1.000770378,-0.0007703777595,-231113.3278,-128269.4288,,,102843.8991